,predictions
0,not_entailment
1,not_entailment
2,not_entailment
3,not_entailment
4,entailment
5,entailment
6,not_entailment
7,entailment
8,entailment
9,not_entailment
10,not_entailment
11,not_entailment
12,entailment
13,not_entailment
14,entailment
15,entailment
16,entailment
17,not_entailment
18,entailment
19,entailment
20,entailment
21,not_entailment
22,not_entailment
23,not_entailment
24,not_entailment
25,not_entailment
26,not_entailment
27,entailment
28,not_entailment
29,not_entailment
30,not_entailment
31,entailment
32,not_entailment
33,not_entailment
34,not_entailment
35,entailment
36,not_entailment
37,not_entailment
38,not_entailment
39,entailment
40,entailment
41,not_entailment
42,entailment
43,entailment
44,not_entailment
45,entailment
46,entailment
47,not_entailment
48,not_entailment
49,not_entailment
50,not_entailment
51,not_entailment
52,not_entailment
53,not_entailment
54,entailment
55,not_entailment
56,not_entailment
57,entailment
58,not_entailment
59,entailment
60,entailment
61,entailment
62,entailment
63,not_entailment
64,entailment
65,entailment
66,not_entailment
67,not_entailment
68,entailment
69,not_entailment
70,not_entailment
71,entailment
72,not_entailment
73,entailment
74,not_entailment
75,entailment
76,not_entailment
77,not_entailment
78,not_entailment
79,entailment
80,not_entailment
81,not_entailment
82,not_entailment
83,entailment
84,entailment
85,not_entailment
86,entailment
87,entailment
88,not_entailment
89,entailment
90,entailment
91,not_entailment
92,entailment
93,entailment
94,entailment
95,not_entailment
96,not_entailment
97,not_entailment
98,not_entailment
99,not_entailment
100,not_entailment
101,not_entailment
102,not_entailment
103,not_entailment
104,entailment
105,not_entailment
106,not_entailment
107,not_entailment
108,not_entailment
109,not_entailment
110,not_entailment
111,entailment
112,not_entailment
113,entailment
114,entailment
115,not_entailment
116,entailment
117,not_entailment
118,not_entailment
119,entailment
120,not_entailment
121,entailment
122,not_entailment
123,entailment
124,not_entailment
125,entailment
126,entailment
127,entailment
128,entailment
129,not_entailment
130,entailment
131,not_entailment
132,entailment
133,not_entailment
134,not_entailment
135,not_entailment
136,entailment
137,not_entailment
138,not_entailment
139,entailment
140,entailment
141,not_entailment
142,entailment
143,not_entailment
144,not_entailment
145,not_entailment
146,not_entailment
147,entailment
148,entailment
149,entailment
150,entailment
151,not_entailment
152,not_entailment
153,not_entailment
154,entailment
155,entailment
156,not_entailment
157,entailment
158,entailment
159,entailment
160,entailment
161,not_entailment
162,not_entailment
163,entailment
164,not_entailment
165,entailment
166,not_entailment
167,entailment
168,entailment
169,entailment
170,not_entailment
171,not_entailment
172,not_entailment
173,not_entailment
174,not_entailment
175,not_entailment
176,not_entailment
177,not_entailment
178,not_entailment
179,not_entailment
180,entailment
181,not_entailment
182,entailment
183,not_entailment
184,entailment
185,entailment
186,not_entailment
187,not_entailment
188,not_entailment
189,not_entailment
190,entailment
191,entailment
192,not_entailment
193,entailment
194,not_entailment
195,entailment
196,not_entailment
197,entailment
198,not_entailment
199,not_entailment
200,not_entailment
201,entailment
202,not_entailment
203,not_entailment
204,not_entailment
205,entailment
206,entailment
207,entailment
208,entailment
209,entailment
210,not_entailment
211,not_entailment
212,entailment
213,entailment
214,not_entailment
215,entailment
216,not_entailment
217,not_entailment
218,entailment
219,entailment
220,entailment
221,entailment
222,entailment
223,not_entailment
224,entailment
225,entailment
226,entailment
227,entailment
228,not_entailment
229,entailment
230,not_entailment
231,entailment
232,entailment
233,entailment
234,entailment
235,entailment
236,not_entailment
237,entailment
238,not_entailment
239,not_entailment
240,entailment
241,entailment
242,entailment
243,entailment
244,entailment
245,not_entailment
246,not_entailment
247,entailment
248,not_entailment
249,entailment
250,not_entailment
251,not_entailment
252,not_entailment
253,entailment
254,not_entailment
255,not_entailment
256,not_entailment
257,not_entailment
258,not_entailment
259,not_entailment
260,not_entailment
261,entailment
262,not_entailment
263,not_entailment
264,entailment
265,entailment
266,entailment
267,not_entailment
268,entailment
269,entailment
270,not_entailment
271,entailment
272,entailment
273,entailment
274,entailment
275,entailment
276,entailment
277,not_entailment
278,not_entailment
279,entailment
280,not_entailment
281,not_entailment
282,not_entailment
283,not_entailment
284,not_entailment
285,not_entailment
286,not_entailment
287,not_entailment
288,entailment
289,entailment
290,entailment
291,not_entailment
292,entailment
293,entailment
294,entailment
295,entailment
296,entailment
297,not_entailment
298,entailment
299,entailment
300,not_entailment
301,not_entailment
302,not_entailment
303,entailment
304,entailment
305,entailment
306,not_entailment
307,not_entailment
308,not_entailment
309,entailment
310,not_entailment
311,entailment
312,not_entailment
313,not_entailment
314,not_entailment
315,entailment
316,entailment
317,not_entailment
318,not_entailment
319,not_entailment
320,not_entailment
321,entailment
322,not_entailment
323,entailment
324,not_entailment
325,not_entailment
326,not_entailment
327,not_entailment
328,entailment
329,not_entailment
330,entailment
331,not_entailment
332,not_entailment
333,not_entailment
334,not_entailment
335,entailment
336,entailment
337,entailment
338,not_entailment
339,not_entailment
340,entailment
341,not_entailment
342,not_entailment
343,not_entailment
344,entailment
345,entailment
346,entailment
347,entailment
348,not_entailment
349,not_entailment
350,entailment
351,entailment
352,entailment
353,entailment
354,not_entailment
355,not_entailment
356,entailment
357,not_entailment
358,entailment
359,not_entailment
360,not_entailment
361,entailment
362,not_entailment
363,not_entailment
364,not_entailment
365,not_entailment
366,entailment
367,not_entailment
368,entailment
369,entailment
370,not_entailment
371,not_entailment
372,not_entailment
373,not_entailment
374,not_entailment
375,not_entailment
376,not_entailment
377,entailment
378,entailment
379,not_entailment
380,not_entailment
381,not_entailment
382,entailment
383,not_entailment
384,not_entailment
385,entailment
386,entailment
387,entailment
388,entailment
389,not_entailment
390,entailment
391,not_entailment
392,entailment
393,not_entailment
394,entailment
395,entailment
396,not_entailment
397,entailment
398,entailment
399,not_entailment
400,entailment
401,not_entailment
402,entailment
403,entailment
404,entailment
405,entailment
406,not_entailment
407,entailment
408,not_entailment
409,entailment
410,not_entailment
411,not_entailment
412,entailment
413,entailment
414,not_entailment
415,entailment
416,not_entailment
417,not_entailment
418,entailment
419,entailment
420,entailment
421,entailment
422,not_entailment
423,entailment
424,entailment
425,not_entailment
426,entailment
427,not_entailment
428,not_entailment
429,not_entailment
430,entailment
431,entailment
432,not_entailment
433,entailment
434,not_entailment
435,entailment
436,not_entailment
437,entailment
438,not_entailment
439,not_entailment
440,entailment
441,not_entailment
442,not_entailment
443,entailment
444,not_entailment
445,not_entailment
446,not_entailment
447,not_entailment
448,not_entailment
449,entailment
450,not_entailment
451,entailment
452,not_entailment
453,not_entailment
454,entailment
455,entailment
456,entailment
457,not_entailment
458,entailment
459,entailment
460,not_entailment
461,not_entailment
462,not_entailment
463,not_entailment
464,not_entailment
465,not_entailment
466,not_entailment
467,entailment
468,entailment
469,not_entailment
470,not_entailment
471,not_entailment
472,not_entailment
473,not_entailment
474,not_entailment
475,not_entailment
476,not_entailment
477,not_entailment
478,not_entailment
479,entailment
480,entailment
481,entailment
482,not_entailment
483,entailment
484,entailment
485,entailment
486,not_entailment
487,entailment
488,not_entailment
489,entailment
490,entailment
491,entailment
492,entailment
493,not_entailment
494,not_entailment
495,entailment
496,not_entailment
497,entailment
498,entailment
499,entailment
500,not_entailment
501,entailment
502,not_entailment
503,entailment
504,not_entailment
505,not_entailment
506,not_entailment
507,entailment
508,entailment
509,entailment
510,entailment
511,not_entailment
512,not_entailment
513,entailment
514,not_entailment
515,entailment
516,entailment
517,entailment
518,not_entailment
519,entailment
520,entailment
521,not_entailment
522,entailment
523,entailment
524,not_entailment
525,entailment
526,not_entailment
527,not_entailment
528,not_entailment
529,not_entailment
530,entailment
531,not_entailment
532,not_entailment
533,entailment
534,entailment
535,not_entailment
536,not_entailment
537,entailment
538,entailment
539,not_entailment
540,entailment
541,entailment
542,entailment
543,not_entailment
544,entailment
545,not_entailment
546,not_entailment
547,entailment
548,entailment
549,not_entailment
550,not_entailment
551,not_entailment
552,entailment
553,entailment
554,entailment
555,entailment
556,entailment
557,entailment
558,entailment
559,not_entailment
560,not_entailment
561,not_entailment
562,entailment
563,not_entailment
564,entailment
565,not_entailment
566,not_entailment
567,entailment
568,not_entailment
569,not_entailment
570,not_entailment
571,entailment
572,not_entailment
573,not_entailment
574,not_entailment
575,not_entailment
576,not_entailment
577,not_entailment
578,entailment
579,not_entailment
580,entailment
581,entailment
582,entailment
583,not_entailment
584,not_entailment
585,entailment
586,not_entailment
587,entailment
588,not_entailment
589,entailment
590,not_entailment
591,entailment
592,entailment
593,not_entailment
594,entailment
595,not_entailment
596,entailment
597,entailment
598,not_entailment
599,entailment
600,not_entailment
601,entailment
602,entailment
603,not_entailment
604,not_entailment
605,not_entailment
606,not_entailment
607,entailment
608,entailment
609,not_entailment
610,entailment
611,entailment
612,entailment
613,not_entailment
614,entailment
615,not_entailment
616,entailment
617,not_entailment
618,not_entailment
619,entailment
620,not_entailment
621,entailment
622,not_entailment
623,not_entailment
624,entailment
625,entailment
626,entailment
627,entailment
628,not_entailment
629,entailment
630,not_entailment
631,not_entailment
632,entailment
633,not_entailment
634,entailment
635,entailment
636,entailment
637,not_entailment
638,not_entailment
639,entailment
640,entailment
641,not_entailment
642,not_entailment
643,entailment
644,not_entailment
645,entailment
646,entailment
647,entailment
648,not_entailment
649,not_entailment
650,entailment
651,entailment
652,entailment
653,entailment
654,entailment
655,entailment
656,not_entailment
657,not_entailment
658,not_entailment
659,not_entailment
660,not_entailment
661,entailment
662,not_entailment
663,not_entailment
664,entailment
665,not_entailment
666,not_entailment
667,not_entailment
668,entailment
669,not_entailment
670,not_entailment
671,entailment
672,not_entailment
673,entailment
674,not_entailment
675,entailment
676,not_entailment
677,entailment
678,entailment
679,entailment
680,not_entailment
681,entailment
682,entailment
683,entailment
684,not_entailment
685,not_entailment
686,not_entailment
687,not_entailment
688,entailment
689,entailment
690,entailment
691,not_entailment
692,entailment
693,entailment
694,not_entailment
695,not_entailment
696,entailment
697,not_entailment
698,not_entailment
699,not_entailment
700,entailment
701,not_entailment
702,entailment
703,entailment
704,not_entailment
705,entailment
706,entailment
707,not_entailment
708,entailment
709,not_entailment
710,entailment
711,not_entailment
712,entailment
713,not_entailment
714,not_entailment
715,not_entailment
716,entailment
717,entailment
718,not_entailment
719,entailment
720,not_entailment
721,entailment
722,entailment
723,not_entailment
724,entailment
725,not_entailment
726,not_entailment
727,not_entailment
728,not_entailment
729,not_entailment
730,entailment
731,entailment
732,not_entailment
733,entailment
734,not_entailment
735,entailment
736,not_entailment
737,entailment
738,not_entailment
739,not_entailment
740,not_entailment
741,not_entailment
742,not_entailment
743,not_entailment
744,entailment
745,not_entailment
746,entailment
747,entailment
748,entailment
749,entailment
750,entailment
751,entailment
752,entailment
753,not_entailment
754,entailment
755,not_entailment
756,entailment
757,entailment
758,not_entailment
759,not_entailment
760,entailment
761,entailment
762,entailment
763,entailment
764,not_entailment
765,not_entailment
766,not_entailment
767,entailment
768,entailment
769,entailment
770,entailment
771,not_entailment
772,entailment
773,not_entailment
774,entailment
775,not_entailment
776,not_entailment
777,not_entailment
778,not_entailment
779,entailment
780,not_entailment
781,not_entailment
782,not_entailment
783,entailment
784,entailment
785,entailment
786,not_entailment
787,entailment
788,entailment
789,not_entailment
790,entailment
791,entailment
792,entailment
793,not_entailment
794,entailment
795,entailment
796,not_entailment
797,not_entailment
798,entailment
799,not_entailment
800,not_entailment
801,not_entailment
802,entailment
803,entailment
804,entailment
805,entailment
806,entailment
807,entailment
808,entailment
809,not_entailment
810,not_entailment
811,entailment
812,not_entailment
813,not_entailment
814,entailment
815,not_entailment
816,entailment
817,not_entailment
818,entailment
819,not_entailment
820,entailment
821,not_entailment
822,entailment
823,not_entailment
824,not_entailment
825,not_entailment
826,entailment
827,not_entailment
828,not_entailment
829,not_entailment
830,entailment
831,not_entailment
832,entailment
833,not_entailment
834,not_entailment
835,not_entailment
836,entailment
837,entailment
838,entailment
839,not_entailment
840,not_entailment
841,not_entailment
842,not_entailment
843,not_entailment
844,entailment
845,entailment
846,not_entailment
847,entailment
848,entailment
849,not_entailment
850,not_entailment
851,not_entailment
852,not_entailment
853,not_entailment
854,entailment
855,not_entailment
856,entailment
857,entailment
858,not_entailment
859,entailment
860,not_entailment
861,entailment
862,not_entailment
863,entailment
864,not_entailment
865,not_entailment
866,not_entailment
867,entailment
868,entailment
869,not_entailment
870,entailment
871,not_entailment
872,entailment
873,not_entailment
874,entailment
875,entailment
876,not_entailment
877,not_entailment
878,entailment
879,entailment
880,not_entailment
881,entailment
882,not_entailment
883,entailment
884,not_entailment
885,entailment
886,entailment
887,not_entailment
888,entailment
889,not_entailment
890,not_entailment
891,entailment
892,entailment
893,not_entailment
894,entailment
895,entailment
896,not_entailment
897,not_entailment
898,entailment
899,not_entailment
900,not_entailment
901,entailment
902,entailment
903,entailment
904,entailment
905,entailment
906,entailment
907,not_entailment
908,entailment
909,not_entailment
910,entailment
911,not_entailment
912,entailment
913,not_entailment
914,not_entailment
915,not_entailment
916,not_entailment
917,entailment
918,not_entailment
919,entailment
920,entailment
921,not_entailment
922,not_entailment
923,not_entailment
924,not_entailment
925,not_entailment
926,not_entailment
927,entailment
928,entailment
929,not_entailment
930,not_entailment
931,not_entailment
932,not_entailment
933,entailment
934,entailment
935,entailment
936,entailment
937,entailment
938,not_entailment
939,not_entailment
940,not_entailment
941,not_entailment
942,entailment
943,not_entailment
944,not_entailment
945,entailment
946,entailment
947,not_entailment
948,entailment
949,entailment
950,not_entailment
951,not_entailment
952,not_entailment
953,not_entailment
954,entailment
955,not_entailment
956,not_entailment
957,entailment
958,not_entailment
959,not_entailment
960,entailment
961,entailment
962,entailment
963,not_entailment
964,not_entailment
965,entailment
966,not_entailment
967,not_entailment
968,not_entailment
969,entailment
970,entailment
971,not_entailment
972,entailment
973,entailment
974,not_entailment
975,entailment
976,not_entailment
977,not_entailment
978,entailment
979,entailment
980,not_entailment
981,not_entailment
982,not_entailment
983,not_entailment
984,not_entailment
985,not_entailment
986,not_entailment
987,not_entailment
988,entailment
989,entailment
990,entailment
991,entailment
992,not_entailment
993,not_entailment
994,not_entailment
995,not_entailment
996,entailment
997,not_entailment
998,not_entailment
999,not_entailment
1000,entailment
1001,not_entailment
1002,entailment
1003,not_entailment
1004,entailment
1005,entailment
1006,not_entailment
1007,entailment
1008,not_entailment
1009,entailment
1010,entailment
1011,entailment
1012,not_entailment
1013,not_entailment
1014,not_entailment
1015,not_entailment
1016,not_entailment
1017,entailment
1018,entailment
1019,entailment
1020,entailment
1021,entailment
1022,not_entailment
1023,entailment
1024,entailment
1025,entailment
1026,entailment
1027,entailment
1028,entailment
1029,entailment
1030,entailment
1031,entailment
1032,entailment
1033,entailment
1034,not_entailment
1035,not_entailment
1036,not_entailment
1037,entailment
1038,entailment
1039,not_entailment
1040,not_entailment
1041,not_entailment
1042,not_entailment
1043,not_entailment
1044,entailment
1045,not_entailment
1046,not_entailment
1047,entailment
1048,not_entailment
1049,entailment
1050,not_entailment
1051,entailment
1052,not_entailment
1053,entailment
1054,entailment
1055,entailment
1056,not_entailment
1057,entailment
1058,not_entailment
1059,entailment
1060,entailment
1061,not_entailment
1062,not_entailment
1063,not_entailment
1064,entailment
1065,entailment
1066,entailment
1067,entailment
1068,not_entailment
1069,not_entailment
1070,entailment
1071,entailment
1072,entailment
1073,not_entailment
1074,entailment
1075,not_entailment
1076,not_entailment
1077,not_entailment
1078,not_entailment
1079,not_entailment
1080,entailment
1081,not_entailment
1082,entailment
1083,not_entailment
1084,entailment
1085,entailment
1086,entailment
1087,not_entailment
1088,not_entailment
1089,entailment
1090,entailment
1091,not_entailment
1092,entailment
1093,not_entailment
1094,entailment
1095,not_entailment
1096,not_entailment
1097,entailment
1098,entailment
1099,not_entailment
1100,not_entailment
1101,entailment
1102,entailment
1103,entailment
1104,entailment
1105,entailment
1106,not_entailment
1107,not_entailment
1108,entailment
1109,entailment
1110,not_entailment
1111,not_entailment
1112,not_entailment
1113,entailment
1114,entailment
1115,not_entailment
1116,not_entailment
1117,entailment
1118,entailment
1119,entailment
1120,entailment
1121,not_entailment
1122,entailment
1123,entailment
1124,not_entailment
1125,entailment
1126,not_entailment
1127,entailment
1128,not_entailment
1129,not_entailment
1130,not_entailment
1131,not_entailment
1132,not_entailment
1133,not_entailment
1134,not_entailment
1135,entailment
1136,not_entailment
1137,entailment
1138,not_entailment
1139,not_entailment
1140,not_entailment
1141,entailment
1142,entailment
1143,entailment
1144,entailment
1145,entailment
1146,not_entailment
1147,not_entailment
1148,not_entailment
1149,entailment
1150,entailment
1151,not_entailment
1152,not_entailment
1153,not_entailment
1154,entailment
1155,entailment
1156,entailment
1157,not_entailment
1158,not_entailment
1159,entailment
1160,entailment
1161,not_entailment
1162,not_entailment
1163,entailment
1164,not_entailment
1165,entailment
1166,not_entailment
1167,entailment
1168,not_entailment
1169,not_entailment
1170,not_entailment
1171,entailment
1172,entailment
1173,not_entailment
1174,entailment
1175,not_entailment
1176,entailment
1177,not_entailment
1178,entailment
1179,not_entailment
1180,entailment
1181,entailment
1182,not_entailment
1183,entailment
1184,entailment
1185,not_entailment
1186,not_entailment
1187,entailment
1188,not_entailment
1189,entailment
1190,not_entailment
1191,not_entailment
1192,not_entailment
1193,not_entailment
1194,not_entailment
1195,not_entailment
1196,not_entailment
1197,not_entailment
1198,not_entailment
1199,not_entailment
1200,not_entailment
1201,not_entailment
1202,not_entailment
1203,entailment
1204,not_entailment
1205,not_entailment
1206,not_entailment
1207,not_entailment
1208,not_entailment
1209,not_entailment
1210,not_entailment
1211,entailment
1212,not_entailment
1213,not_entailment
1214,not_entailment
1215,entailment
1216,entailment
1217,entailment
1218,entailment
1219,entailment
1220,not_entailment
1221,not_entailment
1222,entailment
1223,entailment
1224,not_entailment
1225,not_entailment
1226,not_entailment
1227,entailment
1228,not_entailment
1229,not_entailment
1230,not_entailment
1231,not_entailment
1232,not_entailment
1233,entailment
1234,entailment
1235,not_entailment
1236,not_entailment
1237,not_entailment
1238,entailment
1239,entailment
1240,entailment
1241,not_entailment
1242,entailment
1243,not_entailment
1244,not_entailment
1245,not_entailment
1246,not_entailment
1247,not_entailment
1248,not_entailment
1249,not_entailment
1250,entailment
1251,entailment
1252,not_entailment
1253,entailment
1254,entailment
1255,entailment
1256,not_entailment
1257,entailment
1258,not_entailment
1259,not_entailment
1260,not_entailment
1261,not_entailment
1262,not_entailment
1263,entailment
1264,not_entailment
1265,not_entailment
1266,entailment
1267,not_entailment
1268,entailment
1269,not_entailment
1270,entailment
1271,not_entailment
1272,not_entailment
1273,not_entailment
1274,entailment
1275,entailment
1276,not_entailment
1277,entailment
1278,not_entailment
1279,not_entailment
1280,not_entailment
1281,not_entailment
1282,entailment
1283,entailment
1284,entailment
1285,not_entailment
1286,entailment
1287,not_entailment
1288,entailment
1289,entailment
1290,entailment
1291,entailment
1292,entailment
1293,not_entailment
1294,not_entailment
1295,not_entailment
1296,entailment
1297,not_entailment
1298,not_entailment
1299,entailment
1300,entailment
1301,entailment
1302,entailment
1303,entailment
1304,entailment
1305,entailment
1306,not_entailment
1307,entailment
1308,not_entailment
1309,not_entailment
1310,entailment
1311,not_entailment
1312,not_entailment
1313,entailment
1314,not_entailment
1315,entailment
1316,entailment
1317,entailment
1318,not_entailment
1319,entailment
1320,entailment
1321,not_entailment
1322,not_entailment
1323,entailment
1324,entailment
1325,entailment
1326,entailment
1327,not_entailment
1328,entailment
1329,not_entailment
1330,entailment
1331,not_entailment
1332,entailment
1333,not_entailment
1334,entailment
1335,not_entailment
1336,not_entailment
1337,not_entailment
1338,entailment
1339,entailment
1340,not_entailment
1341,not_entailment
1342,entailment
1343,entailment
1344,not_entailment
1345,not_entailment
1346,entailment
1347,entailment
1348,not_entailment
1349,entailment
1350,entailment
1351,not_entailment
1352,not_entailment
1353,not_entailment
1354,not_entailment
1355,not_entailment
1356,not_entailment
1357,not_entailment
1358,entailment
1359,entailment
1360,entailment
1361,entailment
1362,entailment
1363,not_entailment
1364,entailment
1365,not_entailment
1366,not_entailment
1367,entailment
1368,not_entailment
1369,not_entailment
1370,entailment
1371,entailment
1372,entailment
1373,entailment
1374,not_entailment
1375,entailment
1376,entailment
1377,entailment
1378,entailment
1379,entailment
1380,not_entailment
1381,entailment
1382,entailment
1383,entailment
1384,not_entailment
1385,not_entailment
1386,not_entailment
1387,not_entailment
1388,entailment
1389,entailment
1390,not_entailment
1391,not_entailment
1392,not_entailment
1393,not_entailment
1394,entailment
1395,not_entailment
1396,entailment
1397,not_entailment
1398,not_entailment
1399,not_entailment
1400,not_entailment
1401,not_entailment
1402,not_entailment
1403,not_entailment
1404,not_entailment
1405,not_entailment
1406,entailment
1407,not_entailment
1408,not_entailment
1409,not_entailment
1410,not_entailment
1411,not_entailment
1412,not_entailment
1413,entailment
1414,entailment
1415,entailment
1416,not_entailment
1417,entailment
1418,not_entailment
1419,not_entailment
1420,not_entailment
1421,entailment
1422,entailment
1423,entailment
1424,entailment
1425,entailment
1426,not_entailment
1427,entailment
1428,entailment
1429,not_entailment
1430,not_entailment
1431,not_entailment
1432,entailment
1433,entailment
1434,not_entailment
1435,not_entailment
1436,entailment
1437,entailment
1438,not_entailment
1439,entailment
1440,not_entailment
1441,not_entailment
1442,not_entailment
1443,not_entailment
1444,entailment
1445,not_entailment
1446,not_entailment
1447,entailment
1448,not_entailment
1449,entailment
1450,not_entailment
1451,not_entailment
1452,not_entailment
1453,not_entailment
1454,not_entailment
1455,entailment
1456,entailment
1457,not_entailment
1458,entailment
1459,not_entailment
1460,not_entailment
1461,entailment
1462,not_entailment
1463,entailment
1464,entailment
1465,not_entailment
1466,entailment
1467,entailment
1468,entailment
1469,entailment
1470,not_entailment
1471,entailment
1472,entailment
1473,not_entailment
1474,not_entailment
1475,not_entailment
1476,entailment
1477,not_entailment
1478,entailment
1479,not_entailment
1480,entailment
1481,entailment
1482,entailment
1483,entailment
1484,entailment
1485,not_entailment
1486,entailment
1487,not_entailment
1488,entailment
1489,entailment
1490,not_entailment
1491,entailment
1492,not_entailment
1493,entailment
1494,not_entailment
1495,not_entailment
1496,entailment
1497,not_entailment
1498,entailment
1499,entailment
1500,entailment
1501,not_entailment
1502,entailment
1503,entailment
1504,not_entailment
1505,not_entailment
1506,not_entailment
1507,not_entailment
1508,entailment
1509,not_entailment
1510,not_entailment
1511,entailment
1512,entailment
1513,entailment
1514,not_entailment
1515,entailment
1516,not_entailment
1517,entailment
1518,not_entailment
1519,not_entailment
1520,entailment
1521,not_entailment
1522,entailment
1523,not_entailment
1524,not_entailment
1525,entailment
1526,not_entailment
1527,not_entailment
1528,not_entailment
1529,entailment
1530,not_entailment
1531,not_entailment
1532,not_entailment
1533,not_entailment
1534,entailment
1535,entailment
1536,entailment
1537,not_entailment
1538,not_entailment
1539,entailment
1540,not_entailment
1541,entailment
1542,entailment
1543,not_entailment
1544,not_entailment
1545,entailment
1546,entailment
1547,not_entailment
1548,entailment
1549,not_entailment
1550,entailment
1551,entailment
1552,entailment
1553,entailment
1554,entailment
1555,not_entailment
1556,not_entailment
1557,entailment
1558,not_entailment
1559,not_entailment
1560,entailment
1561,entailment
1562,entailment
1563,not_entailment
1564,not_entailment
1565,entailment
1566,entailment
1567,entailment
1568,entailment
1569,not_entailment
1570,entailment
1571,entailment
1572,entailment
1573,not_entailment
1574,entailment
1575,not_entailment
1576,not_entailment
1577,entailment
1578,entailment
1579,not_entailment
1580,entailment
1581,not_entailment
1582,entailment
1583,entailment
1584,entailment
1585,entailment
1586,entailment
1587,entailment
1588,not_entailment
1589,not_entailment
1590,not_entailment
1591,entailment
1592,not_entailment
1593,entailment
1594,not_entailment
1595,not_entailment
1596,entailment
1597,not_entailment
1598,entailment
1599,not_entailment
1600,not_entailment
1601,not_entailment
1602,not_entailment
1603,entailment
1604,not_entailment
1605,entailment
1606,entailment
1607,entailment
1608,not_entailment
1609,not_entailment
1610,entailment
1611,entailment
1612,not_entailment
1613,not_entailment
1614,not_entailment
1615,not_entailment
1616,entailment
1617,entailment
1618,not_entailment
1619,not_entailment
1620,entailment
1621,not_entailment
1622,entailment
1623,not_entailment
1624,not_entailment
1625,entailment
1626,not_entailment
1627,entailment
1628,entailment
1629,entailment
1630,entailment
1631,not_entailment
1632,entailment
1633,not_entailment
1634,not_entailment
1635,not_entailment
1636,entailment
1637,not_entailment
1638,entailment
1639,not_entailment
1640,not_entailment
1641,entailment
1642,not_entailment
1643,not_entailment
1644,not_entailment
1645,entailment
1646,not_entailment
1647,entailment
1648,entailment
1649,not_entailment
1650,not_entailment
1651,not_entailment
1652,entailment
1653,entailment
1654,not_entailment
1655,not_entailment
1656,not_entailment
1657,not_entailment
1658,entailment
1659,not_entailment
1660,entailment
1661,not_entailment
1662,entailment
1663,not_entailment
1664,entailment
1665,entailment
1666,entailment
1667,entailment
1668,not_entailment
1669,entailment
1670,entailment
1671,entailment
1672,not_entailment
1673,not_entailment
1674,not_entailment
1675,entailment
1676,not_entailment
1677,entailment
1678,entailment
1679,not_entailment
1680,not_entailment
1681,entailment
1682,entailment
1683,not_entailment
1684,not_entailment
1685,not_entailment
1686,not_entailment
1687,not_entailment
1688,entailment
1689,not_entailment
1690,entailment
1691,not_entailment
1692,not_entailment
1693,not_entailment
1694,entailment
1695,entailment
1696,entailment
1697,entailment
1698,not_entailment
1699,not_entailment
1700,not_entailment
1701,entailment
1702,not_entailment
1703,entailment
1704,not_entailment
1705,entailment
1706,not_entailment
1707,not_entailment
1708,not_entailment
1709,not_entailment
1710,not_entailment
1711,not_entailment
1712,not_entailment
1713,not_entailment
1714,entailment
1715,not_entailment
1716,entailment
1717,entailment
1718,not_entailment
1719,not_entailment
1720,not_entailment
1721,entailment
1722,not_entailment
1723,entailment
1724,not_entailment
1725,entailment
1726,entailment
1727,not_entailment
1728,not_entailment
1729,entailment
1730,not_entailment
1731,not_entailment
1732,not_entailment
1733,not_entailment
1734,entailment
1735,not_entailment
1736,not_entailment
1737,entailment
1738,entailment
1739,not_entailment
1740,entailment
1741,not_entailment
1742,entailment
1743,not_entailment
1744,entailment
1745,not_entailment
1746,not_entailment
1747,entailment
1748,entailment
1749,not_entailment
1750,entailment
1751,not_entailment
1752,entailment
1753,not_entailment
1754,not_entailment
1755,entailment
1756,entailment
1757,not_entailment
1758,not_entailment
1759,not_entailment
1760,entailment
1761,entailment
1762,entailment
1763,not_entailment
1764,entailment
1765,entailment
1766,not_entailment
1767,entailment
1768,entailment
1769,not_entailment
1770,not_entailment
1771,not_entailment
1772,not_entailment
1773,not_entailment
1774,not_entailment
1775,entailment
1776,not_entailment
1777,not_entailment
1778,not_entailment
1779,entailment
1780,not_entailment
1781,entailment
1782,not_entailment
1783,not_entailment
1784,not_entailment
1785,not_entailment
1786,entailment
1787,not_entailment
1788,not_entailment
1789,entailment
1790,not_entailment
1791,not_entailment
1792,not_entailment
1793,entailment
1794,not_entailment
1795,not_entailment
1796,not_entailment
1797,not_entailment
1798,not_entailment
1799,entailment
1800,entailment
1801,not_entailment
1802,entailment
1803,entailment
1804,not_entailment
1805,entailment
1806,entailment
1807,entailment
1808,entailment
1809,entailment
1810,entailment
1811,not_entailment
1812,entailment
1813,not_entailment
1814,not_entailment
1815,entailment
1816,not_entailment
1817,entailment
1818,entailment
1819,entailment
1820,not_entailment
1821,not_entailment
1822,not_entailment
1823,not_entailment
1824,entailment
1825,not_entailment
1826,not_entailment
1827,entailment
1828,entailment
1829,not_entailment
1830,entailment
1831,entailment
1832,not_entailment
1833,not_entailment
1834,not_entailment
1835,entailment
1836,entailment
1837,not_entailment
1838,not_entailment
1839,entailment
1840,not_entailment
1841,not_entailment
1842,not_entailment
1843,not_entailment
1844,not_entailment
1845,entailment
1846,not_entailment
1847,entailment
1848,entailment
1849,not_entailment
1850,not_entailment
1851,not_entailment
1852,entailment
1853,entailment
1854,entailment
1855,not_entailment
1856,not_entailment
1857,entailment
1858,not_entailment
1859,entailment
1860,entailment
1861,not_entailment
1862,not_entailment
1863,entailment
1864,not_entailment
1865,entailment
1866,not_entailment
1867,entailment
1868,entailment
1869,not_entailment
1870,entailment
1871,entailment
1872,not_entailment
1873,not_entailment
1874,not_entailment
1875,entailment
1876,entailment
1877,entailment
1878,not_entailment
1879,not_entailment
1880,not_entailment
1881,entailment
1882,not_entailment
1883,entailment
1884,not_entailment
1885,entailment
1886,entailment
1887,not_entailment
1888,not_entailment
1889,not_entailment
1890,entailment
1891,not_entailment
1892,not_entailment
1893,not_entailment
1894,entailment
1895,not_entailment
1896,not_entailment
1897,entailment
1898,not_entailment
1899,not_entailment
1900,entailment
1901,entailment
1902,entailment
1903,entailment
1904,not_entailment
1905,not_entailment
1906,entailment
1907,not_entailment
1908,not_entailment
1909,not_entailment
1910,entailment
1911,entailment
1912,entailment
1913,not_entailment
1914,entailment
1915,entailment
1916,entailment
1917,entailment
1918,entailment
1919,entailment
1920,not_entailment
1921,not_entailment
1922,not_entailment
1923,entailment
1924,not_entailment
1925,entailment
1926,entailment
1927,not_entailment
1928,not_entailment
1929,not_entailment
1930,entailment
1931,not_entailment
1932,not_entailment
1933,entailment
1934,entailment
1935,entailment
1936,entailment
1937,entailment
1938,not_entailment
1939,not_entailment
1940,not_entailment
1941,not_entailment
1942,entailment
1943,not_entailment
1944,not_entailment
1945,not_entailment
1946,not_entailment
1947,not_entailment
1948,entailment
1949,not_entailment
1950,not_entailment
1951,entailment
1952,entailment
1953,not_entailment
1954,not_entailment
1955,not_entailment
1956,not_entailment
1957,not_entailment
1958,not_entailment
1959,not_entailment
1960,not_entailment
1961,entailment
1962,entailment
1963,entailment
1964,entailment
1965,entailment
1966,not_entailment
1967,not_entailment
1968,not_entailment
1969,entailment
1970,not_entailment
1971,entailment
1972,entailment
1973,entailment
1974,entailment
1975,not_entailment
1976,not_entailment
1977,entailment
1978,not_entailment
1979,not_entailment
1980,not_entailment
1981,not_entailment
1982,entailment
1983,not_entailment
1984,not_entailment
1985,not_entailment
1986,entailment
1987,entailment
1988,not_entailment
1989,not_entailment
1990,entailment
1991,not_entailment
1992,entailment
1993,entailment
1994,not_entailment
1995,entailment
1996,entailment
1997,not_entailment
1998,not_entailment
1999,not_entailment
2000,entailment
2001,not_entailment
2002,entailment
2003,entailment
2004,entailment
2005,not_entailment
2006,entailment
2007,not_entailment
2008,not_entailment
2009,not_entailment
2010,not_entailment
2011,entailment
2012,not_entailment
2013,entailment
2014,entailment
2015,not_entailment
2016,entailment
2017,entailment
2018,entailment
2019,entailment
2020,entailment
2021,not_entailment
2022,entailment
2023,not_entailment
2024,entailment
2025,entailment
2026,not_entailment
2027,not_entailment
2028,not_entailment
2029,entailment
2030,not_entailment
2031,not_entailment
2032,not_entailment
2033,not_entailment
2034,entailment
2035,not_entailment
2036,entailment
2037,entailment
2038,not_entailment
2039,entailment
2040,not_entailment
2041,not_entailment
2042,entailment
2043,entailment
2044,not_entailment
2045,entailment
2046,entailment
2047,not_entailment
2048,entailment
2049,not_entailment
2050,not_entailment
2051,entailment
2052,not_entailment
2053,entailment
2054,entailment
2055,not_entailment
2056,not_entailment
2057,not_entailment
2058,entailment
2059,entailment
2060,not_entailment
2061,not_entailment
2062,entailment
2063,entailment
2064,not_entailment
2065,entailment
2066,entailment
2067,not_entailment
2068,entailment
2069,not_entailment
2070,entailment
2071,not_entailment
2072,entailment
2073,entailment
2074,not_entailment
2075,entailment
2076,not_entailment
2077,entailment
2078,not_entailment
2079,entailment
2080,not_entailment
2081,not_entailment
2082,entailment
2083,entailment
2084,entailment
2085,entailment
2086,entailment
2087,entailment
2088,entailment
2089,entailment
2090,entailment
2091,not_entailment
2092,entailment
2093,not_entailment
2094,not_entailment
2095,entailment
2096,entailment
2097,entailment
2098,entailment
2099,not_entailment
2100,not_entailment
2101,entailment
2102,not_entailment
2103,not_entailment
2104,entailment
2105,entailment
2106,not_entailment
2107,entailment
2108,not_entailment
2109,entailment
2110,entailment
2111,entailment
2112,not_entailment
2113,not_entailment
2114,entailment
2115,not_entailment
2116,not_entailment
2117,not_entailment
2118,not_entailment
2119,entailment
2120,not_entailment
2121,entailment
2122,entailment
2123,not_entailment
2124,entailment
2125,not_entailment
2126,entailment
2127,entailment
2128,not_entailment
2129,entailment
2130,entailment
2131,not_entailment
2132,entailment
2133,entailment
2134,not_entailment
2135,not_entailment
2136,not_entailment
2137,entailment
2138,not_entailment
2139,entailment
2140,not_entailment
2141,not_entailment
2142,entailment
2143,entailment
2144,entailment
2145,not_entailment
2146,entailment
2147,entailment
2148,entailment
2149,entailment
2150,not_entailment
2151,not_entailment
2152,not_entailment
2153,entailment
2154,entailment
2155,entailment
2156,not_entailment
2157,not_entailment
2158,entailment
2159,entailment
2160,entailment
2161,not_entailment
2162,entailment
2163,not_entailment
2164,not_entailment
2165,not_entailment
2166,not_entailment
2167,not_entailment
2168,not_entailment
2169,not_entailment
2170,entailment
2171,entailment
2172,not_entailment
2173,not_entailment
2174,not_entailment
2175,not_entailment
2176,entailment
2177,entailment
2178,not_entailment
2179,entailment
2180,entailment
2181,not_entailment
2182,not_entailment
2183,not_entailment
2184,entailment
2185,not_entailment
2186,not_entailment
2187,not_entailment
2188,entailment
2189,not_entailment
2190,not_entailment
2191,not_entailment
2192,not_entailment
2193,not_entailment
2194,not_entailment
2195,not_entailment
2196,not_entailment
2197,not_entailment
2198,not_entailment
2199,not_entailment
2200,not_entailment
2201,entailment
2202,not_entailment
2203,entailment
2204,entailment
2205,entailment
2206,not_entailment
2207,entailment
2208,not_entailment
2209,not_entailment
2210,entailment
2211,entailment
2212,entailment
2213,not_entailment
2214,not_entailment
2215,not_entailment
2216,entailment
2217,entailment
2218,entailment
2219,not_entailment
2220,entailment
2221,not_entailment
2222,not_entailment
2223,not_entailment
2224,entailment
2225,entailment
2226,entailment
2227,not_entailment
2228,not_entailment
2229,entailment
2230,entailment
2231,entailment
2232,not_entailment
2233,entailment
2234,not_entailment
2235,entailment
2236,entailment
2237,entailment
2238,entailment
2239,not_entailment
2240,not_entailment
2241,entailment
2242,entailment
2243,entailment
2244,not_entailment
2245,not_entailment
2246,entailment
2247,not_entailment
2248,not_entailment
2249,entailment
2250,entailment
2251,entailment
2252,not_entailment
2253,not_entailment
2254,not_entailment
2255,not_entailment
2256,entailment
2257,not_entailment
2258,not_entailment
2259,not_entailment
2260,entailment
2261,entailment
2262,entailment
2263,entailment
2264,entailment
2265,not_entailment
2266,entailment
2267,entailment
2268,not_entailment
2269,entailment
2270,entailment
2271,not_entailment
2272,not_entailment
2273,entailment
2274,not_entailment
2275,entailment
2276,not_entailment
2277,entailment
2278,entailment
2279,not_entailment
2280,entailment
2281,entailment
2282,entailment
2283,not_entailment
2284,entailment
2285,entailment
2286,not_entailment
2287,not_entailment
2288,not_entailment
2289,entailment
2290,not_entailment
2291,entailment
2292,not_entailment
2293,entailment
2294,not_entailment
2295,entailment
2296,entailment
2297,not_entailment
2298,entailment
2299,not_entailment
2300,not_entailment
2301,not_entailment
2302,entailment
2303,not_entailment
2304,not_entailment
2305,not_entailment
2306,not_entailment
2307,not_entailment
2308,not_entailment
2309,entailment
2310,entailment
2311,not_entailment
2312,entailment
2313,not_entailment
2314,entailment
2315,entailment
2316,entailment
2317,not_entailment
2318,not_entailment
2319,not_entailment
2320,entailment
2321,not_entailment
2322,entailment
2323,entailment
2324,entailment
2325,not_entailment
2326,entailment
2327,not_entailment
2328,entailment
2329,entailment
2330,entailment
2331,not_entailment
2332,not_entailment
2333,entailment
2334,entailment
2335,entailment
2336,not_entailment
2337,entailment
2338,not_entailment
2339,entailment
2340,entailment
2341,not_entailment
2342,entailment
2343,not_entailment
2344,not_entailment
2345,entailment
2346,not_entailment
2347,not_entailment
2348,entailment
2349,entailment
2350,entailment
2351,entailment
2352,not_entailment
2353,not_entailment
2354,not_entailment
2355,entailment
2356,not_entailment
2357,entailment
2358,not_entailment
2359,entailment
2360,not_entailment
2361,entailment
2362,not_entailment
2363,entailment
2364,not_entailment
2365,entailment
2366,entailment
2367,entailment
2368,not_entailment
2369,not_entailment
2370,not_entailment
2371,entailment
2372,entailment
2373,entailment
2374,entailment
2375,entailment
2376,not_entailment
2377,entailment
2378,not_entailment
2379,entailment
2380,not_entailment
2381,entailment
2382,not_entailment
2383,not_entailment
2384,not_entailment
2385,not_entailment
2386,entailment
2387,not_entailment
2388,not_entailment
2389,entailment
2390,entailment
2391,entailment
2392,not_entailment
2393,not_entailment
2394,not_entailment
2395,not_entailment
2396,entailment
2397,not_entailment
2398,not_entailment
2399,entailment
2400,not_entailment
2401,not_entailment
2402,not_entailment
2403,entailment
2404,not_entailment
2405,not_entailment
2406,entailment
2407,entailment
2408,not_entailment
2409,entailment
2410,entailment
2411,not_entailment
2412,not_entailment
2413,entailment
2414,entailment
2415,not_entailment
2416,entailment
2417,entailment
2418,not_entailment
2419,entailment
2420,not_entailment
2421,entailment
2422,entailment
2423,entailment
2424,entailment
2425,entailment
2426,not_entailment
2427,entailment
2428,not_entailment
2429,entailment
2430,entailment
2431,not_entailment
2432,not_entailment
2433,entailment
2434,not_entailment
2435,not_entailment
2436,entailment
2437,not_entailment
2438,not_entailment
2439,entailment
2440,not_entailment
2441,entailment
2442,not_entailment
2443,entailment
2444,not_entailment
2445,entailment
2446,not_entailment
2447,not_entailment
2448,entailment
2449,not_entailment
2450,entailment
2451,entailment
2452,not_entailment
2453,entailment
2454,not_entailment
2455,not_entailment
2456,not_entailment
2457,not_entailment
2458,not_entailment
2459,not_entailment
2460,entailment
2461,entailment
2462,not_entailment
2463,entailment
2464,not_entailment
2465,not_entailment
2466,not_entailment
2467,not_entailment
2468,not_entailment
2469,entailment
2470,not_entailment
2471,not_entailment
2472,entailment
2473,not_entailment
2474,entailment
2475,not_entailment
2476,entailment
2477,entailment
2478,not_entailment
2479,not_entailment
2480,not_entailment
2481,not_entailment
2482,entailment
2483,not_entailment
2484,not_entailment
2485,entailment
2486,entailment
2487,entailment
2488,entailment
2489,not_entailment
2490,entailment
2491,not_entailment
2492,not_entailment
2493,not_entailment
2494,not_entailment
2495,not_entailment
2496,entailment
2497,entailment
2498,not_entailment
2499,not_entailment
2500,entailment
2501,not_entailment
2502,not_entailment
2503,not_entailment
2504,not_entailment
2505,not_entailment
2506,entailment
2507,entailment
2508,entailment
2509,not_entailment
2510,not_entailment
2511,entailment
2512,entailment
2513,entailment
2514,not_entailment
2515,entailment
2516,not_entailment
2517,entailment
2518,entailment
2519,entailment
2520,entailment
2521,not_entailment
2522,entailment
2523,entailment
2524,not_entailment
2525,not_entailment
2526,entailment
2527,entailment
2528,not_entailment
2529,not_entailment
2530,entailment
2531,entailment
2532,entailment
2533,entailment
2534,not_entailment
2535,not_entailment
2536,not_entailment
2537,entailment
2538,not_entailment
2539,not_entailment
2540,entailment
2541,entailment
2542,not_entailment
2543,not_entailment
2544,entailment
2545,not_entailment
2546,entailment
2547,not_entailment
2548,entailment
2549,entailment
2550,not_entailment
2551,entailment
2552,not_entailment
2553,not_entailment
2554,not_entailment
2555,not_entailment
2556,not_entailment
2557,entailment
2558,not_entailment
2559,not_entailment
2560,entailment
2561,not_entailment
2562,entailment
2563,entailment
2564,not_entailment
2565,not_entailment
2566,entailment
2567,entailment
2568,not_entailment
2569,not_entailment
2570,not_entailment
2571,entailment
2572,entailment
2573,not_entailment
2574,not_entailment
2575,entailment
2576,not_entailment
2577,not_entailment
2578,not_entailment
2579,entailment
2580,entailment
2581,entailment
2582,entailment
2583,not_entailment
2584,not_entailment
2585,not_entailment
2586,entailment
2587,entailment
2588,entailment
2589,entailment
2590,entailment
2591,not_entailment
2592,not_entailment
2593,entailment
2594,not_entailment
2595,not_entailment
2596,entailment
2597,not_entailment
2598,entailment
2599,not_entailment
2600,entailment
2601,entailment
2602,entailment
2603,not_entailment
2604,entailment
2605,not_entailment
2606,entailment
2607,not_entailment
2608,not_entailment
2609,entailment
2610,not_entailment
2611,entailment
2612,entailment
2613,entailment
2614,not_entailment
2615,entailment
2616,entailment
2617,not_entailment
2618,not_entailment
2619,not_entailment
2620,entailment
2621,not_entailment
2622,not_entailment
2623,entailment
2624,entailment
2625,not_entailment
2626,not_entailment
2627,not_entailment
2628,not_entailment
2629,not_entailment
2630,entailment
2631,not_entailment
2632,not_entailment
2633,not_entailment
2634,entailment
2635,entailment
2636,not_entailment
2637,entailment
2638,entailment
2639,not_entailment
2640,entailment
2641,entailment
2642,entailment
2643,entailment
2644,not_entailment
2645,entailment
2646,not_entailment
2647,entailment
2648,not_entailment
2649,entailment
2650,not_entailment
2651,not_entailment
2652,entailment
2653,not_entailment
2654,entailment
2655,not_entailment
2656,not_entailment
2657,entailment
2658,not_entailment
2659,not_entailment
2660,not_entailment
2661,not_entailment
2662,entailment
2663,entailment
2664,entailment
2665,not_entailment
2666,not_entailment
2667,not_entailment
2668,not_entailment
2669,entailment
2670,not_entailment
2671,entailment
2672,not_entailment
2673,not_entailment
2674,entailment
2675,not_entailment
2676,not_entailment
2677,entailment
2678,entailment
2679,not_entailment
2680,entailment
2681,not_entailment
2682,not_entailment
2683,not_entailment
2684,entailment
2685,entailment
2686,entailment
2687,not_entailment
2688,entailment
2689,not_entailment
2690,entailment
2691,not_entailment
2692,entailment
2693,entailment
2694,entailment
2695,entailment
2696,entailment
2697,entailment
2698,not_entailment
2699,not_entailment
2700,not_entailment
2701,entailment
2702,not_entailment
2703,entailment
2704,not_entailment
2705,not_entailment
2706,entailment
2707,not_entailment
2708,not_entailment
2709,entailment
2710,entailment
2711,not_entailment
2712,entailment
2713,not_entailment
2714,entailment
2715,not_entailment
2716,entailment
2717,entailment
2718,entailment
2719,entailment
2720,entailment
2721,not_entailment
2722,entailment
2723,entailment
2724,entailment
2725,entailment
2726,entailment
2727,entailment
2728,not_entailment
2729,entailment
2730,not_entailment
2731,not_entailment
2732,not_entailment
2733,not_entailment
2734,entailment
2735,not_entailment
2736,entailment
2737,not_entailment
2738,entailment
2739,entailment
2740,entailment
2741,not_entailment
2742,entailment
2743,entailment
2744,not_entailment
2745,entailment
2746,not_entailment
2747,not_entailment
2748,not_entailment
2749,entailment
2750,entailment
2751,entailment
2752,entailment
2753,entailment
2754,entailment
2755,not_entailment
2756,not_entailment
2757,entailment
2758,entailment
2759,entailment
2760,not_entailment
2761,not_entailment
2762,not_entailment
2763,not_entailment
2764,entailment
2765,entailment
2766,not_entailment
2767,not_entailment
2768,entailment
2769,not_entailment
2770,not_entailment
2771,not_entailment
2772,entailment
2773,not_entailment
2774,not_entailment
2775,not_entailment
2776,not_entailment
2777,entailment
2778,not_entailment
2779,entailment
2780,not_entailment
2781,not_entailment
2782,entailment
2783,entailment
2784,entailment
2785,entailment
2786,entailment
2787,not_entailment
2788,entailment
2789,not_entailment
2790,entailment
2791,entailment
2792,entailment
2793,entailment
2794,entailment
2795,entailment
2796,not_entailment
2797,entailment
2798,not_entailment
2799,entailment
2800,not_entailment
2801,not_entailment
2802,not_entailment
2803,not_entailment
2804,not_entailment
2805,not_entailment
2806,not_entailment
2807,entailment
2808,entailment
2809,not_entailment
2810,not_entailment
2811,not_entailment
2812,not_entailment
2813,not_entailment
2814,not_entailment
2815,entailment
2816,not_entailment
2817,not_entailment
2818,not_entailment
2819,entailment
2820,entailment
2821,not_entailment
2822,not_entailment
2823,entailment
2824,entailment
2825,not_entailment
2826,entailment
2827,entailment
2828,not_entailment
2829,entailment
2830,not_entailment
2831,not_entailment
2832,entailment
2833,not_entailment
2834,not_entailment
2835,entailment
2836,entailment
2837,not_entailment
2838,entailment
2839,entailment
2840,entailment
2841,not_entailment
2842,entailment
2843,entailment
2844,entailment
2845,entailment
2846,not_entailment
2847,entailment
2848,not_entailment
2849,not_entailment
2850,entailment
2851,entailment
2852,entailment
2853,not_entailment
2854,entailment
2855,not_entailment
2856,not_entailment
2857,not_entailment
2858,entailment
2859,not_entailment
2860,entailment
2861,not_entailment
2862,not_entailment
2863,entailment
2864,not_entailment
2865,not_entailment
2866,not_entailment
2867,entailment
2868,entailment
2869,not_entailment
2870,not_entailment
2871,not_entailment
2872,entailment
2873,not_entailment
2874,not_entailment
2875,not_entailment
2876,entailment
2877,not_entailment
2878,not_entailment
2879,entailment
2880,not_entailment
2881,entailment
2882,not_entailment
2883,not_entailment
2884,entailment
2885,not_entailment
2886,not_entailment
2887,entailment
2888,entailment
2889,entailment
2890,not_entailment
2891,not_entailment
2892,entailment
2893,not_entailment
2894,not_entailment
2895,entailment
2896,not_entailment
2897,entailment
2898,entailment
2899,entailment
2900,entailment
2901,entailment
2902,not_entailment
2903,not_entailment
2904,entailment
2905,not_entailment
2906,not_entailment
2907,not_entailment
2908,entailment
2909,not_entailment
2910,entailment
2911,entailment
2912,not_entailment
2913,entailment
2914,not_entailment
2915,not_entailment
2916,entailment
2917,entailment
2918,not_entailment
2919,entailment
2920,entailment
2921,entailment
2922,entailment
2923,entailment
2924,not_entailment
2925,entailment
2926,not_entailment
2927,not_entailment
2928,entailment
2929,entailment
2930,not_entailment
2931,not_entailment
2932,entailment
2933,not_entailment
2934,not_entailment
2935,not_entailment
2936,not_entailment
2937,entailment
2938,not_entailment
2939,not_entailment
2940,entailment
2941,not_entailment
2942,not_entailment
2943,not_entailment
2944,not_entailment
2945,not_entailment
2946,not_entailment
2947,not_entailment
2948,not_entailment
2949,not_entailment
2950,entailment
2951,entailment
2952,not_entailment
2953,not_entailment
2954,not_entailment
2955,not_entailment
2956,not_entailment
2957,entailment
2958,entailment
2959,entailment
2960,not_entailment
2961,entailment
2962,entailment
2963,not_entailment
2964,not_entailment
2965,not_entailment
2966,not_entailment
2967,not_entailment
2968,not_entailment
2969,entailment
2970,entailment
2971,not_entailment
2972,not_entailment
2973,not_entailment
2974,entailment
2975,entailment
2976,not_entailment
2977,entailment
2978,not_entailment
2979,not_entailment
2980,entailment
2981,not_entailment
2982,entailment
2983,entailment
2984,not_entailment
2985,not_entailment
2986,entailment
2987,entailment
2988,entailment
2989,entailment
2990,entailment
2991,entailment
2992,not_entailment
2993,entailment
2994,not_entailment
2995,entailment
2996,entailment
2997,not_entailment
2998,entailment
2999,entailment
3000,not_entailment
3001,not_entailment
3002,entailment
3003,not_entailment
3004,not_entailment
3005,entailment
3006,entailment
3007,entailment
3008,not_entailment
3009,not_entailment
3010,not_entailment
3011,not_entailment
3012,entailment
3013,not_entailment
3014,entailment
3015,entailment
3016,entailment
3017,not_entailment
3018,entailment
3019,entailment
3020,not_entailment
3021,not_entailment
3022,entailment
3023,not_entailment
3024,entailment
3025,entailment
3026,not_entailment
3027,not_entailment
3028,entailment
3029,not_entailment
3030,entailment
3031,entailment
3032,not_entailment
3033,not_entailment
3034,not_entailment
3035,entailment
3036,entailment
3037,not_entailment
3038,not_entailment
3039,entailment
3040,not_entailment
3041,entailment
3042,entailment
3043,entailment
3044,not_entailment
3045,entailment
3046,entailment
3047,not_entailment
3048,entailment
3049,not_entailment
3050,not_entailment
3051,entailment
3052,entailment
3053,entailment
3054,entailment
3055,not_entailment
3056,entailment
3057,entailment
3058,entailment
3059,entailment
3060,not_entailment
3061,entailment
3062,entailment
3063,not_entailment
3064,not_entailment
3065,not_entailment
3066,not_entailment
3067,not_entailment
3068,not_entailment
3069,entailment
3070,entailment
3071,entailment
3072,not_entailment
3073,entailment
3074,entailment
3075,entailment
3076,entailment
3077,entailment
3078,entailment
3079,not_entailment
3080,entailment
3081,not_entailment
3082,entailment
3083,not_entailment
3084,entailment
3085,entailment
3086,entailment
3087,not_entailment
3088,not_entailment
3089,entailment
3090,not_entailment
3091,not_entailment
3092,entailment
3093,entailment
3094,entailment
3095,not_entailment
3096,entailment
3097,entailment
3098,not_entailment
3099,not_entailment
3100,entailment
3101,entailment
3102,not_entailment
3103,not_entailment
3104,entailment
3105,not_entailment
3106,not_entailment
3107,entailment
3108,entailment
3109,not_entailment
3110,not_entailment
3111,entailment
3112,not_entailment
3113,not_entailment
3114,not_entailment
3115,entailment
3116,not_entailment
3117,entailment
3118,entailment
3119,entailment
3120,entailment
3121,not_entailment
3122,entailment
3123,entailment
3124,entailment
3125,entailment
3126,not_entailment
3127,entailment
3128,entailment
3129,entailment
3130,not_entailment
3131,entailment
3132,not_entailment
3133,not_entailment
3134,not_entailment
3135,entailment
3136,not_entailment
3137,not_entailment
3138,not_entailment
3139,entailment
3140,not_entailment
3141,not_entailment
3142,not_entailment
3143,entailment
3144,entailment
3145,entailment
3146,entailment
3147,entailment
3148,not_entailment
3149,not_entailment
3150,not_entailment
3151,entailment
3152,entailment
3153,entailment
3154,entailment
3155,entailment
3156,entailment
3157,not_entailment
3158,not_entailment
3159,entailment
3160,entailment
3161,entailment
3162,entailment
3163,entailment
3164,entailment
3165,entailment
3166,entailment
3167,not_entailment
3168,entailment
3169,not_entailment
3170,entailment
3171,entailment
3172,entailment
3173,entailment
3174,not_entailment
3175,entailment
3176,entailment
3177,entailment
3178,entailment
3179,not_entailment
3180,not_entailment
3181,entailment
3182,not_entailment
3183,entailment
3184,entailment
3185,entailment
3186,entailment
3187,not_entailment
3188,entailment
3189,entailment
3190,entailment
3191,not_entailment
3192,entailment
3193,not_entailment
3194,not_entailment
3195,not_entailment
3196,entailment
3197,entailment
3198,not_entailment
3199,entailment
3200,not_entailment
3201,entailment
3202,entailment
3203,entailment
3204,not_entailment
3205,entailment
3206,not_entailment
3207,entailment
3208,not_entailment
3209,not_entailment
3210,not_entailment
3211,not_entailment
3212,entailment
3213,not_entailment
3214,not_entailment
3215,entailment
3216,not_entailment
3217,not_entailment
3218,entailment
3219,entailment
3220,not_entailment
3221,entailment
3222,not_entailment
3223,entailment
3224,entailment
3225,not_entailment
3226,not_entailment
3227,not_entailment
3228,not_entailment
3229,not_entailment
3230,not_entailment
3231,not_entailment
3232,not_entailment
3233,not_entailment
3234,entailment
3235,not_entailment
3236,not_entailment
3237,entailment
3238,entailment
3239,not_entailment
3240,entailment
3241,not_entailment
3242,not_entailment
3243,not_entailment
3244,not_entailment
3245,entailment
3246,not_entailment
3247,entailment
3248,entailment
3249,entailment
3250,entailment
3251,not_entailment
3252,not_entailment
3253,not_entailment
3254,entailment
3255,entailment
3256,not_entailment
3257,not_entailment
3258,not_entailment
3259,not_entailment
3260,entailment
3261,entailment
3262,entailment
3263,entailment
3264,not_entailment
3265,not_entailment
3266,entailment
3267,not_entailment
3268,entailment
3269,entailment
3270,entailment
3271,not_entailment
3272,not_entailment
3273,not_entailment
3274,entailment
3275,entailment
3276,entailment
3277,not_entailment
3278,entailment
3279,not_entailment
3280,not_entailment
3281,not_entailment
3282,not_entailment
3283,not_entailment
3284,not_entailment
3285,not_entailment
3286,not_entailment
3287,not_entailment
3288,not_entailment
3289,entailment
3290,entailment
3291,not_entailment
3292,not_entailment
3293,entailment
3294,entailment
3295,entailment
3296,not_entailment
3297,not_entailment
3298,entailment
3299,not_entailment
3300,not_entailment
3301,entailment
3302,entailment
3303,entailment
3304,entailment
3305,entailment
3306,entailment
3307,not_entailment
3308,entailment
3309,entailment
3310,entailment
3311,entailment
3312,not_entailment
3313,entailment
3314,entailment
3315,not_entailment
3316,entailment
3317,entailment
3318,entailment
3319,not_entailment
3320,not_entailment
3321,entailment
3322,entailment
3323,not_entailment
3324,not_entailment
3325,entailment
3326,not_entailment
3327,not_entailment
3328,entailment
3329,not_entailment
3330,not_entailment
3331,entailment
3332,not_entailment
3333,entailment
3334,entailment
3335,not_entailment
3336,not_entailment
3337,not_entailment
3338,entailment
3339,not_entailment
3340,entailment
3341,not_entailment
3342,entailment
3343,not_entailment
3344,not_entailment
3345,entailment
3346,not_entailment
3347,not_entailment
3348,not_entailment
3349,not_entailment
3350,entailment
3351,entailment
3352,not_entailment
3353,entailment
3354,entailment
3355,entailment
3356,not_entailment
3357,not_entailment
3358,not_entailment
3359,entailment
3360,not_entailment
3361,entailment
3362,not_entailment
3363,entailment
3364,entailment
3365,entailment
3366,not_entailment
3367,not_entailment
3368,not_entailment
3369,entailment
3370,entailment
3371,entailment
3372,entailment
3373,entailment
3374,entailment
3375,not_entailment
3376,not_entailment
3377,entailment
3378,entailment
3379,not_entailment
3380,entailment
3381,not_entailment
3382,not_entailment
3383,entailment
3384,entailment
3385,entailment
3386,entailment
3387,not_entailment
3388,entailment
3389,entailment
3390,entailment
3391,entailment
3392,entailment
3393,entailment
3394,not_entailment
3395,not_entailment
3396,not_entailment
3397,entailment
3398,not_entailment
3399,not_entailment
3400,entailment
3401,entailment
3402,not_entailment
3403,entailment
3404,not_entailment
3405,not_entailment
3406,not_entailment
3407,not_entailment
3408,entailment
3409,not_entailment
3410,not_entailment
3411,not_entailment
3412,not_entailment
3413,entailment
3414,entailment
3415,not_entailment
3416,entailment
3417,not_entailment
3418,entailment
3419,entailment
3420,not_entailment
3421,not_entailment
3422,entailment
3423,entailment
3424,not_entailment
3425,not_entailment
3426,not_entailment
3427,entailment
3428,not_entailment
3429,entailment
3430,entailment
3431,entailment
3432,entailment
3433,entailment
3434,not_entailment
3435,not_entailment
3436,entailment
3437,entailment
3438,entailment
3439,entailment
3440,not_entailment
3441,entailment
3442,entailment
3443,entailment
3444,entailment
3445,entailment
3446,not_entailment
3447,entailment
3448,not_entailment
3449,not_entailment
3450,not_entailment
3451,entailment
3452,entailment
3453,entailment
3454,entailment
3455,not_entailment
3456,entailment
3457,entailment
3458,entailment
3459,entailment
3460,not_entailment
3461,not_entailment
3462,not_entailment
3463,not_entailment
3464,entailment
3465,not_entailment
3466,not_entailment
3467,not_entailment
3468,not_entailment
3469,not_entailment
3470,not_entailment
3471,not_entailment
3472,not_entailment
3473,entailment
3474,not_entailment
3475,not_entailment
3476,not_entailment
3477,not_entailment
3478,entailment
3479,entailment
3480,not_entailment
3481,not_entailment
3482,entailment
3483,entailment
3484,entailment
3485,not_entailment
3486,not_entailment
3487,not_entailment
3488,entailment
3489,entailment
3490,not_entailment
3491,entailment
3492,entailment
3493,not_entailment
3494,entailment
3495,not_entailment
3496,not_entailment
3497,entailment
3498,entailment
3499,not_entailment
3500,not_entailment
3501,entailment
3502,not_entailment
3503,entailment
3504,entailment
3505,not_entailment
3506,entailment
3507,entailment
3508,entailment
3509,not_entailment
3510,not_entailment
3511,not_entailment
3512,not_entailment
3513,not_entailment
3514,not_entailment
3515,not_entailment
3516,not_entailment
3517,not_entailment
3518,entailment
3519,entailment
3520,not_entailment
3521,not_entailment
3522,not_entailment
3523,not_entailment
3524,not_entailment
3525,entailment
3526,entailment
3527,not_entailment
3528,entailment
3529,not_entailment
3530,not_entailment
3531,not_entailment
3532,entailment
3533,not_entailment
3534,entailment
3535,entailment
3536,not_entailment
3537,entailment
3538,not_entailment
3539,entailment
3540,entailment
3541,not_entailment
3542,not_entailment
3543,not_entailment
3544,entailment
3545,not_entailment
3546,not_entailment
3547,entailment
3548,entailment
3549,not_entailment
3550,entailment
3551,not_entailment
3552,not_entailment
3553,entailment
3554,entailment
3555,not_entailment
3556,entailment
3557,entailment
3558,not_entailment
3559,entailment
3560,entailment
3561,entailment
3562,not_entailment
3563,not_entailment
3564,entailment
3565,not_entailment
3566,not_entailment
3567,entailment
3568,entailment
3569,entailment
3570,not_entailment
3571,not_entailment
3572,entailment
3573,not_entailment
3574,entailment
3575,not_entailment
3576,not_entailment
3577,not_entailment
3578,not_entailment
3579,not_entailment
3580,not_entailment
3581,not_entailment
3582,entailment
3583,not_entailment
3584,not_entailment
3585,entailment
3586,entailment
3587,entailment
3588,not_entailment
3589,entailment
3590,not_entailment
3591,entailment
3592,entailment
3593,entailment
3594,entailment
3595,not_entailment
3596,not_entailment
3597,not_entailment
3598,not_entailment
3599,entailment
3600,not_entailment
3601,not_entailment
3602,entailment
3603,not_entailment
3604,entailment
3605,entailment
3606,entailment
3607,not_entailment
3608,entailment
3609,not_entailment
3610,not_entailment
3611,not_entailment
3612,not_entailment
3613,not_entailment
3614,not_entailment
3615,entailment
3616,entailment
3617,entailment
3618,entailment
3619,entailment
3620,entailment
3621,entailment
3622,not_entailment
3623,entailment
3624,not_entailment
3625,entailment
3626,entailment
3627,not_entailment
3628,entailment
3629,entailment
3630,not_entailment
3631,entailment
3632,not_entailment
3633,not_entailment
3634,not_entailment
3635,not_entailment
3636,entailment
3637,not_entailment
3638,not_entailment
3639,entailment
3640,entailment
3641,not_entailment
3642,not_entailment
3643,not_entailment
3644,not_entailment
3645,entailment
3646,entailment
3647,not_entailment
3648,entailment
3649,not_entailment
3650,entailment
3651,entailment
3652,not_entailment
3653,not_entailment
3654,not_entailment
3655,not_entailment
3656,entailment
3657,not_entailment
3658,not_entailment
3659,not_entailment
3660,entailment
3661,not_entailment
3662,not_entailment
3663,not_entailment
3664,entailment
3665,entailment
3666,not_entailment
3667,entailment
3668,entailment
3669,not_entailment
3670,not_entailment
3671,entailment
3672,not_entailment
3673,entailment
3674,not_entailment
3675,entailment
3676,not_entailment
3677,not_entailment
3678,not_entailment
3679,entailment
3680,not_entailment
3681,not_entailment
3682,not_entailment
3683,not_entailment
3684,not_entailment
3685,not_entailment
3686,not_entailment
3687,not_entailment
3688,entailment
3689,not_entailment
3690,not_entailment
3691,entailment
3692,not_entailment
3693,not_entailment
3694,entailment
3695,entailment
3696,entailment
3697,not_entailment
3698,not_entailment
3699,entailment
3700,entailment
3701,not_entailment
3702,entailment
3703,not_entailment
3704,not_entailment
3705,entailment
3706,not_entailment
3707,not_entailment
3708,not_entailment
3709,entailment
3710,not_entailment
3711,entailment
3712,entailment
3713,not_entailment
3714,not_entailment
3715,not_entailment
3716,entailment
3717,entailment
3718,entailment
3719,not_entailment
3720,entailment
3721,not_entailment
3722,entailment
3723,not_entailment
3724,not_entailment
3725,not_entailment
3726,entailment
3727,entailment
3728,entailment
3729,entailment
3730,entailment
3731,not_entailment
3732,not_entailment
3733,not_entailment
3734,not_entailment
3735,not_entailment
3736,not_entailment
3737,not_entailment
3738,not_entailment
3739,entailment
3740,entailment
3741,entailment
3742,not_entailment
3743,entailment
3744,entailment
3745,not_entailment
3746,not_entailment
3747,not_entailment
3748,not_entailment
3749,not_entailment
3750,entailment
3751,entailment
3752,entailment
3753,not_entailment
3754,entailment
3755,not_entailment
3756,entailment
3757,entailment
3758,not_entailment
3759,entailment
3760,entailment
3761,not_entailment
3762,entailment
3763,not_entailment
3764,entailment
3765,entailment
3766,entailment
3767,entailment
3768,not_entailment
3769,not_entailment
3770,entailment
3771,not_entailment
3772,entailment
3773,not_entailment
3774,not_entailment
3775,entailment
3776,not_entailment
3777,entailment
3778,not_entailment
3779,not_entailment
3780,entailment
3781,not_entailment
3782,not_entailment
3783,not_entailment
3784,not_entailment
3785,entailment
3786,entailment
3787,not_entailment
3788,entailment
3789,not_entailment
3790,entailment
3791,entailment
3792,not_entailment
3793,not_entailment
3794,entailment
3795,not_entailment
3796,not_entailment
3797,not_entailment
3798,entailment
3799,entailment
3800,not_entailment
3801,entailment
3802,entailment
3803,not_entailment
3804,entailment
3805,entailment
3806,not_entailment
3807,not_entailment
3808,entailment
3809,entailment
3810,entailment
3811,not_entailment
3812,not_entailment
3813,entailment
3814,not_entailment
3815,not_entailment
3816,entailment
3817,not_entailment
3818,not_entailment
3819,not_entailment
3820,entailment
3821,not_entailment
3822,entailment
3823,not_entailment
3824,not_entailment
3825,not_entailment
3826,entailment
3827,not_entailment
3828,not_entailment
3829,entailment
3830,not_entailment
3831,not_entailment
3832,entailment
3833,not_entailment
3834,entailment
3835,entailment
3836,entailment
3837,entailment
3838,not_entailment
3839,entailment
3840,not_entailment
3841,entailment
3842,entailment
3843,not_entailment
3844,not_entailment
3845,entailment
3846,not_entailment
3847,entailment
3848,not_entailment
3849,not_entailment
3850,entailment
3851,entailment
3852,entailment
3853,not_entailment
3854,not_entailment
3855,not_entailment
3856,not_entailment
3857,not_entailment
3858,entailment
3859,not_entailment
3860,not_entailment
3861,not_entailment
3862,entailment
3863,not_entailment
3864,entailment
3865,entailment
3866,not_entailment
3867,not_entailment
3868,entailment
3869,entailment
3870,entailment
3871,entailment
3872,entailment
3873,entailment
3874,entailment
3875,entailment
3876,entailment
3877,entailment
3878,not_entailment
3879,entailment
3880,not_entailment
3881,not_entailment
3882,not_entailment
3883,entailment
3884,not_entailment
3885,entailment
3886,entailment
3887,entailment
3888,entailment
3889,not_entailment
3890,entailment
3891,not_entailment
3892,entailment
3893,entailment
3894,not_entailment
3895,not_entailment
3896,not_entailment
3897,entailment
3898,not_entailment
3899,entailment
3900,entailment
3901,not_entailment
3902,not_entailment
3903,not_entailment
3904,not_entailment
3905,not_entailment
3906,entailment
3907,not_entailment
3908,entailment
3909,not_entailment
3910,entailment
3911,entailment
3912,entailment
3913,entailment
3914,not_entailment
3915,not_entailment
3916,not_entailment
3917,entailment
3918,entailment
3919,entailment
3920,not_entailment
3921,entailment
3922,entailment
3923,not_entailment
3924,not_entailment
3925,not_entailment
3926,not_entailment
3927,not_entailment
3928,not_entailment
3929,not_entailment
3930,not_entailment
3931,entailment
3932,not_entailment
3933,entailment
3934,not_entailment
3935,entailment
3936,not_entailment
3937,entailment
3938,entailment
3939,not_entailment
3940,not_entailment
3941,entailment
3942,entailment
3943,entailment
3944,entailment
3945,entailment
3946,entailment
3947,not_entailment
3948,entailment
3949,entailment
3950,not_entailment
3951,entailment
3952,entailment
3953,entailment
3954,not_entailment
3955,entailment
3956,not_entailment
3957,not_entailment
3958,entailment
3959,not_entailment
3960,not_entailment
3961,entailment
3962,entailment
3963,entailment
3964,entailment
3965,entailment
3966,entailment
3967,entailment
3968,entailment
3969,entailment
3970,not_entailment
3971,not_entailment
3972,not_entailment
3973,entailment
3974,not_entailment
3975,not_entailment
3976,not_entailment
3977,not_entailment
3978,not_entailment
3979,entailment
3980,entailment
3981,entailment
3982,not_entailment
3983,not_entailment
3984,entailment
3985,entailment
3986,not_entailment
3987,not_entailment
3988,entailment
3989,entailment
3990,entailment
3991,entailment
3992,not_entailment
3993,entailment
3994,not_entailment
3995,not_entailment
3996,entailment
3997,not_entailment
3998,not_entailment
3999,not_entailment
4000,not_entailment
4001,not_entailment
4002,not_entailment
4003,entailment
4004,not_entailment
4005,entailment
4006,entailment
4007,not_entailment
4008,entailment
4009,entailment
4010,entailment
4011,not_entailment
4012,not_entailment
4013,not_entailment
4014,entailment
4015,not_entailment
4016,not_entailment
4017,entailment
4018,not_entailment
4019,entailment
4020,not_entailment
4021,not_entailment
4022,entailment
4023,not_entailment
4024,not_entailment
4025,entailment
4026,not_entailment
4027,entailment
4028,entailment
4029,entailment
4030,not_entailment
4031,entailment
4032,not_entailment
4033,entailment
4034,not_entailment
4035,not_entailment
4036,not_entailment
4037,entailment
4038,not_entailment
4039,not_entailment
4040,not_entailment
4041,entailment
4042,not_entailment
4043,not_entailment
4044,not_entailment
4045,entailment
4046,not_entailment
4047,entailment
4048,entailment
4049,not_entailment
4050,not_entailment
4051,entailment
4052,entailment
4053,not_entailment
4054,entailment
4055,not_entailment
4056,entailment
4057,entailment
4058,entailment
4059,not_entailment
4060,not_entailment
4061,entailment
4062,not_entailment
4063,entailment
4064,entailment
4065,not_entailment
4066,not_entailment
4067,entailment
4068,entailment
4069,entailment
4070,not_entailment
4071,not_entailment
4072,not_entailment
4073,not_entailment
4074,entailment
4075,not_entailment
4076,not_entailment
4077,entailment
4078,entailment
4079,not_entailment
4080,entailment
4081,entailment
4082,not_entailment
4083,not_entailment
4084,not_entailment
4085,entailment
4086,not_entailment
4087,entailment
4088,entailment
4089,entailment
4090,entailment
4091,not_entailment
4092,entailment
4093,entailment
4094,not_entailment
4095,entailment
4096,not_entailment
4097,entailment
4098,not_entailment
4099,not_entailment
4100,not_entailment
4101,not_entailment
4102,entailment
4103,entailment
4104,not_entailment
4105,not_entailment
4106,entailment
4107,entailment
4108,not_entailment
4109,entailment
4110,entailment
4111,entailment
4112,not_entailment
4113,not_entailment
4114,entailment
4115,entailment
4116,entailment
4117,not_entailment
4118,entailment
4119,not_entailment
4120,entailment
4121,entailment
4122,not_entailment
4123,not_entailment
4124,not_entailment
4125,not_entailment
4126,not_entailment
4127,entailment
4128,not_entailment
4129,not_entailment
4130,entailment
4131,entailment
4132,entailment
4133,entailment
4134,entailment
4135,not_entailment
4136,not_entailment
4137,entailment
4138,entailment
4139,entailment
4140,not_entailment
4141,entailment
4142,entailment
4143,not_entailment
4144,not_entailment
4145,not_entailment
4146,not_entailment
4147,entailment
4148,entailment
4149,not_entailment
4150,not_entailment
4151,not_entailment
4152,not_entailment
4153,not_entailment
4154,not_entailment
4155,not_entailment
4156,not_entailment
4157,entailment
4158,not_entailment
4159,not_entailment
4160,not_entailment
4161,entailment
4162,entailment
4163,not_entailment
4164,entailment
4165,not_entailment
4166,not_entailment
4167,entailment
4168,not_entailment
4169,not_entailment
4170,entailment
4171,entailment
4172,not_entailment
4173,not_entailment
4174,not_entailment
4175,not_entailment
4176,not_entailment
4177,not_entailment
4178,not_entailment
4179,entailment
4180,not_entailment
4181,not_entailment
4182,entailment
4183,entailment
4184,not_entailment
4185,not_entailment
4186,entailment
4187,not_entailment
4188,not_entailment
4189,entailment
4190,entailment
4191,not_entailment
4192,not_entailment
4193,not_entailment
4194,not_entailment
4195,entailment
4196,not_entailment
4197,entailment
4198,entailment
4199,not_entailment
4200,not_entailment
4201,entailment
4202,not_entailment
4203,not_entailment
4204,entailment
4205,entailment
4206,not_entailment
4207,entailment
4208,entailment
4209,entailment
4210,entailment
4211,entailment
4212,not_entailment
4213,entailment
4214,not_entailment
4215,not_entailment
4216,entailment
4217,entailment
4218,not_entailment
4219,not_entailment
4220,not_entailment
4221,not_entailment
4222,not_entailment
4223,entailment
4224,entailment
4225,not_entailment
4226,not_entailment
4227,not_entailment
4228,entailment
4229,not_entailment
4230,entailment
4231,not_entailment
4232,entailment
4233,not_entailment
4234,not_entailment
4235,entailment
4236,not_entailment
4237,entailment
4238,not_entailment
4239,entailment
4240,not_entailment
4241,entailment
4242,entailment
4243,entailment
4244,not_entailment
4245,not_entailment
4246,not_entailment
4247,not_entailment
4248,entailment
4249,entailment
4250,entailment
4251,not_entailment
4252,not_entailment
4253,not_entailment
4254,not_entailment
4255,not_entailment
4256,entailment
4257,not_entailment
4258,not_entailment
4259,not_entailment
4260,entailment
4261,entailment
4262,not_entailment
4263,not_entailment
4264,not_entailment
4265,entailment
4266,entailment
4267,not_entailment
4268,entailment
4269,entailment
4270,entailment
4271,not_entailment
4272,not_entailment
4273,not_entailment
4274,not_entailment
4275,not_entailment
4276,entailment
4277,entailment
4278,entailment
4279,not_entailment
4280,entailment
4281,not_entailment
4282,not_entailment
4283,entailment
4284,entailment
4285,not_entailment
4286,entailment
4287,entailment
4288,not_entailment
4289,entailment
4290,not_entailment
4291,not_entailment
4292,not_entailment
4293,not_entailment
4294,not_entailment
4295,not_entailment
4296,not_entailment
4297,entailment
4298,entailment
4299,entailment
4300,entailment
4301,entailment
4302,entailment
4303,entailment
4304,entailment
4305,not_entailment
4306,not_entailment
4307,not_entailment
4308,entailment
4309,not_entailment
4310,not_entailment
4311,entailment
4312,entailment
4313,not_entailment
4314,not_entailment
4315,not_entailment
4316,entailment
4317,not_entailment
4318,not_entailment
4319,entailment
4320,entailment
4321,not_entailment
4322,not_entailment
4323,not_entailment
4324,not_entailment
4325,entailment
4326,not_entailment
4327,entailment
4328,entailment
4329,entailment
4330,entailment
4331,not_entailment
4332,entailment
4333,entailment
4334,entailment
4335,not_entailment
4336,not_entailment
4337,entailment
4338,entailment
4339,not_entailment
4340,not_entailment
4341,entailment
4342,entailment
4343,not_entailment
4344,entailment
4345,not_entailment
4346,not_entailment
4347,not_entailment
4348,not_entailment
4349,not_entailment
4350,not_entailment
4351,not_entailment
4352,not_entailment
4353,not_entailment
4354,entailment
4355,entailment
4356,not_entailment
4357,entailment
4358,not_entailment
4359,not_entailment
4360,entailment
4361,not_entailment
4362,not_entailment
4363,not_entailment
4364,not_entailment
4365,not_entailment
4366,entailment
4367,entailment
4368,entailment
4369,not_entailment
4370,not_entailment
4371,entailment
4372,entailment
4373,not_entailment
4374,entailment
4375,entailment
4376,not_entailment
4377,not_entailment
4378,not_entailment
4379,not_entailment
4380,entailment
4381,entailment
4382,entailment
4383,entailment
4384,not_entailment
4385,entailment
4386,not_entailment
4387,not_entailment
4388,entailment
4389,entailment
4390,entailment
4391,not_entailment
4392,not_entailment
4393,not_entailment
4394,not_entailment
4395,entailment
4396,entailment
4397,not_entailment
4398,entailment
4399,not_entailment
4400,not_entailment
4401,entailment
4402,not_entailment
4403,entailment
4404,entailment
4405,not_entailment
4406,entailment
4407,not_entailment
4408,entailment
4409,entailment
4410,not_entailment
4411,not_entailment
4412,entailment
4413,entailment
4414,entailment
4415,entailment
4416,not_entailment
4417,not_entailment
4418,entailment
4419,not_entailment
4420,not_entailment
4421,entailment
4422,not_entailment
4423,not_entailment
4424,not_entailment
4425,entailment
4426,not_entailment
4427,not_entailment
4428,not_entailment
4429,entailment
4430,not_entailment
4431,entailment
4432,entailment
4433,entailment
4434,not_entailment
4435,not_entailment
4436,entailment
4437,not_entailment
4438,entailment
4439,entailment
4440,entailment
4441,entailment
4442,entailment
4443,entailment
4444,not_entailment
4445,entailment
4446,entailment
4447,entailment
4448,not_entailment
4449,not_entailment
4450,not_entailment
4451,not_entailment
4452,not_entailment
4453,entailment
4454,entailment
4455,entailment
4456,not_entailment
4457,not_entailment
4458,entailment
4459,not_entailment
4460,entailment
4461,entailment
4462,entailment
4463,not_entailment
4464,not_entailment
4465,not_entailment
4466,entailment
4467,not_entailment
4468,not_entailment
4469,not_entailment
4470,entailment
4471,not_entailment
4472,entailment
4473,not_entailment
4474,not_entailment
4475,entailment
4476,not_entailment
4477,not_entailment
4478,entailment
4479,entailment
4480,entailment
4481,entailment
4482,not_entailment
4483,entailment
4484,entailment
4485,not_entailment
4486,not_entailment
4487,entailment
4488,entailment
4489,entailment
4490,not_entailment
4491,entailment
4492,not_entailment
4493,entailment
4494,entailment
4495,not_entailment
4496,entailment
4497,entailment
4498,entailment
4499,not_entailment
4500,entailment
4501,not_entailment
4502,not_entailment
4503,not_entailment
4504,entailment
4505,entailment
4506,not_entailment
4507,not_entailment
4508,not_entailment
4509,not_entailment
4510,not_entailment
4511,entailment
4512,entailment
4513,not_entailment
4514,entailment
4515,not_entailment
4516,not_entailment
4517,entailment
4518,not_entailment
4519,entailment
4520,not_entailment
4521,not_entailment
4522,not_entailment
4523,entailment
4524,not_entailment
4525,entailment
4526,not_entailment
4527,entailment
4528,not_entailment
4529,entailment
4530,not_entailment
4531,entailment
4532,entailment
4533,not_entailment
4534,not_entailment
4535,not_entailment
4536,entailment
4537,entailment
4538,entailment
4539,entailment
4540,not_entailment
4541,not_entailment
4542,entailment
4543,entailment
4544,not_entailment
4545,not_entailment
4546,entailment
4547,entailment
4548,not_entailment
4549,not_entailment
4550,not_entailment
4551,not_entailment
4552,not_entailment
4553,not_entailment
4554,not_entailment
4555,not_entailment
4556,entailment
4557,not_entailment
4558,not_entailment
4559,not_entailment
4560,not_entailment
4561,entailment
4562,not_entailment
4563,entailment
4564,entailment
4565,not_entailment
4566,not_entailment
4567,entailment
4568,entailment
4569,not_entailment
4570,entailment
4571,entailment
4572,entailment
4573,entailment
4574,not_entailment
4575,entailment
4576,not_entailment
4577,entailment
4578,entailment
4579,not_entailment
4580,entailment
4581,not_entailment
4582,entailment
4583,not_entailment
4584,entailment
4585,entailment
4586,not_entailment
4587,not_entailment
4588,not_entailment
4589,entailment
4590,not_entailment
4591,not_entailment
4592,entailment
4593,entailment
4594,not_entailment
4595,entailment
4596,not_entailment
4597,entailment
4598,not_entailment
4599,not_entailment
4600,entailment
4601,entailment
4602,entailment
4603,not_entailment
4604,not_entailment
4605,entailment
4606,entailment
4607,not_entailment
4608,entailment
4609,not_entailment
4610,not_entailment
4611,not_entailment
4612,not_entailment
4613,entailment
4614,not_entailment
4615,entailment
4616,not_entailment
4617,entailment
4618,entailment
4619,not_entailment
4620,not_entailment
4621,not_entailment
4622,not_entailment
4623,not_entailment
4624,not_entailment
4625,not_entailment
4626,entailment
4627,not_entailment
4628,not_entailment
4629,entailment
4630,entailment
4631,not_entailment
4632,not_entailment
4633,not_entailment
4634,not_entailment
4635,not_entailment
4636,entailment
4637,not_entailment
4638,not_entailment
4639,not_entailment
4640,entailment
4641,entailment
4642,entailment
4643,not_entailment
4644,not_entailment
4645,not_entailment
4646,entailment
4647,entailment
4648,entailment
4649,entailment
4650,entailment
4651,not_entailment
4652,not_entailment
4653,not_entailment
4654,not_entailment
4655,not_entailment
4656,not_entailment
4657,entailment
4658,entailment
4659,not_entailment
4660,not_entailment
4661,entailment
4662,not_entailment
4663,not_entailment
4664,entailment
4665,not_entailment
4666,entailment
4667,not_entailment
4668,entailment
4669,entailment
4670,not_entailment
4671,not_entailment
4672,entailment
4673,not_entailment
4674,entailment
4675,entailment
4676,entailment
4677,not_entailment
4678,not_entailment
4679,entailment
4680,entailment
4681,entailment
4682,not_entailment
4683,entailment
4684,not_entailment
4685,not_entailment
4686,entailment
4687,not_entailment
4688,not_entailment
4689,not_entailment
4690,entailment
4691,not_entailment
4692,not_entailment
4693,not_entailment
4694,entailment
4695,entailment
4696,not_entailment
4697,not_entailment
4698,entailment
4699,not_entailment
4700,not_entailment
4701,not_entailment
4702,not_entailment
4703,not_entailment
4704,not_entailment
4705,not_entailment
4706,not_entailment
4707,entailment
4708,entailment
4709,entailment
4710,entailment
4711,entailment
4712,entailment
4713,not_entailment
4714,not_entailment
4715,entailment
4716,entailment
4717,not_entailment
4718,not_entailment
4719,not_entailment
4720,not_entailment
4721,entailment
4722,not_entailment
4723,not_entailment
4724,entailment
4725,not_entailment
4726,entailment
4727,entailment
4728,not_entailment
4729,not_entailment
4730,not_entailment
4731,entailment
4732,entailment
4733,entailment
4734,not_entailment
4735,entailment
4736,entailment
4737,not_entailment
4738,not_entailment
4739,not_entailment
4740,entailment
4741,not_entailment
4742,not_entailment
4743,not_entailment
4744,not_entailment
4745,not_entailment
4746,not_entailment
4747,not_entailment
4748,not_entailment
4749,entailment
4750,entailment
4751,entailment
4752,not_entailment
4753,entailment
4754,entailment
4755,entailment
4756,not_entailment
4757,entailment
4758,not_entailment
4759,not_entailment
4760,entailment
4761,entailment
4762,not_entailment
4763,entailment
4764,entailment
4765,entailment
4766,entailment
4767,not_entailment
4768,not_entailment
4769,not_entailment
4770,entailment
4771,not_entailment
4772,not_entailment
4773,entailment
4774,not_entailment
4775,not_entailment
4776,not_entailment
4777,not_entailment
4778,entailment
4779,entailment
4780,entailment
4781,entailment
4782,entailment
4783,entailment
4784,not_entailment
4785,entailment
4786,not_entailment
4787,entailment
4788,entailment
4789,not_entailment
4790,entailment
4791,not_entailment
4792,entailment
4793,not_entailment
4794,not_entailment
4795,entailment
4796,entailment
4797,not_entailment
4798,not_entailment
4799,entailment
4800,not_entailment
4801,entailment
4802,not_entailment
4803,not_entailment
4804,entailment
4805,not_entailment
4806,not_entailment
4807,entailment
4808,entailment
4809,entailment
4810,not_entailment
4811,entailment
4812,not_entailment
4813,not_entailment
4814,entailment
4815,not_entailment
4816,not_entailment
4817,not_entailment
4818,not_entailment
4819,entailment
4820,entailment
4821,not_entailment
4822,entailment
4823,entailment
4824,entailment
4825,entailment
4826,entailment
4827,entailment
4828,not_entailment
4829,entailment
4830,entailment
4831,entailment
4832,not_entailment
4833,entailment
4834,not_entailment
4835,entailment
4836,entailment
4837,not_entailment
4838,not_entailment
4839,not_entailment
4840,not_entailment
4841,entailment
4842,not_entailment
4843,not_entailment
4844,not_entailment
4845,not_entailment
4846,entailment
4847,not_entailment
4848,not_entailment
4849,not_entailment
4850,not_entailment
4851,not_entailment
4852,entailment
4853,entailment
4854,not_entailment
4855,entailment
4856,not_entailment
4857,entailment
4858,not_entailment
4859,not_entailment
4860,entailment
4861,entailment
4862,not_entailment
4863,entailment
4864,entailment
4865,not_entailment
4866,not_entailment
4867,not_entailment
4868,entailment
4869,not_entailment
4870,entailment
4871,entailment
4872,not_entailment
4873,entailment
4874,entailment
4875,not_entailment
4876,entailment
4877,not_entailment
4878,not_entailment
4879,not_entailment
4880,entailment
4881,not_entailment
4882,entailment
4883,entailment
4884,entailment
4885,entailment
4886,not_entailment
4887,entailment
4888,not_entailment
4889,entailment
4890,not_entailment
4891,entailment
4892,entailment
4893,not_entailment
4894,not_entailment
4895,entailment
4896,entailment
4897,not_entailment
4898,not_entailment
4899,entailment
4900,entailment
4901,not_entailment
4902,entailment
4903,not_entailment
4904,entailment
4905,entailment
4906,entailment
4907,entailment
4908,not_entailment
4909,not_entailment
4910,entailment
4911,not_entailment
4912,entailment
4913,not_entailment
4914,entailment
4915,not_entailment
4916,not_entailment
4917,not_entailment
4918,not_entailment
4919,entailment
4920,not_entailment
4921,not_entailment
4922,entailment
4923,not_entailment
4924,entailment
4925,entailment
4926,not_entailment
4927,not_entailment
4928,entailment
4929,entailment
4930,not_entailment
4931,not_entailment
4932,entailment
4933,not_entailment
4934,not_entailment
4935,not_entailment
4936,not_entailment
4937,entailment
4938,not_entailment
4939,entailment
4940,entailment
4941,not_entailment
4942,entailment
4943,entailment
4944,not_entailment
4945,entailment
4946,not_entailment
4947,not_entailment
4948,entailment
4949,not_entailment
4950,entailment
4951,not_entailment
4952,not_entailment
4953,entailment
4954,not_entailment
4955,entailment
4956,not_entailment
4957,entailment
4958,entailment
4959,not_entailment
4960,entailment
4961,entailment
4962,entailment
4963,not_entailment
4964,not_entailment
4965,entailment
4966,entailment
4967,not_entailment
4968,not_entailment
4969,not_entailment
4970,not_entailment
4971,not_entailment
4972,entailment
4973,entailment
4974,entailment
4975,not_entailment
4976,entailment
4977,entailment
4978,entailment
4979,entailment
4980,entailment
4981,not_entailment
4982,entailment
4983,entailment
4984,not_entailment
4985,not_entailment
4986,not_entailment
4987,entailment
4988,not_entailment
4989,entailment
4990,not_entailment
4991,entailment
4992,not_entailment
4993,entailment
4994,not_entailment
4995,entailment
4996,not_entailment
4997,not_entailment
4998,entailment
4999,entailment
5000,entailment
5001,not_entailment
5002,not_entailment
5003,not_entailment
5004,not_entailment
5005,not_entailment
5006,entailment
5007,not_entailment
5008,entailment
5009,entailment
5010,not_entailment
5011,entailment
5012,entailment
5013,not_entailment
5014,entailment
5015,not_entailment
5016,not_entailment
5017,entailment
5018,not_entailment
5019,not_entailment
5020,entailment
5021,entailment
5022,not_entailment
5023,not_entailment
5024,not_entailment
5025,entailment
5026,entailment
5027,entailment
5028,not_entailment
5029,not_entailment
5030,not_entailment
5031,not_entailment
5032,not_entailment
5033,not_entailment
5034,entailment
5035,entailment
5036,not_entailment
5037,entailment
5038,entailment
5039,not_entailment
5040,entailment
5041,entailment
5042,entailment
5043,not_entailment
5044,entailment
5045,entailment
5046,not_entailment
5047,entailment
5048,entailment
5049,entailment
5050,entailment
5051,not_entailment
5052,not_entailment
5053,entailment
5054,entailment
5055,not_entailment
5056,not_entailment
5057,not_entailment
5058,not_entailment
5059,not_entailment
5060,not_entailment
5061,not_entailment
5062,entailment
5063,not_entailment
5064,not_entailment
5065,entailment
5066,entailment
5067,entailment
5068,entailment
5069,entailment
5070,entailment
5071,entailment
5072,not_entailment
5073,not_entailment
5074,not_entailment
5075,not_entailment
5076,not_entailment
5077,not_entailment
5078,entailment
5079,entailment
5080,entailment
5081,not_entailment
5082,entailment
5083,entailment
5084,entailment
5085,entailment
5086,entailment
5087,entailment
5088,entailment
5089,entailment
5090,entailment
5091,entailment
5092,not_entailment
5093,entailment
5094,not_entailment
5095,not_entailment
5096,entailment
5097,entailment
5098,not_entailment
5099,entailment
5100,not_entailment
5101,entailment
5102,not_entailment
5103,entailment
5104,not_entailment
5105,entailment
5106,not_entailment
5107,entailment
5108,not_entailment
5109,entailment
5110,entailment
5111,not_entailment
5112,not_entailment
5113,entailment
5114,entailment
5115,entailment
5116,entailment
5117,not_entailment
5118,not_entailment
5119,not_entailment
5120,not_entailment
5121,entailment
5122,entailment
5123,entailment
5124,not_entailment
5125,entailment
5126,entailment
5127,entailment
5128,entailment
5129,not_entailment
5130,not_entailment
5131,entailment
5132,entailment
5133,not_entailment
5134,not_entailment
5135,entailment
5136,not_entailment
5137,not_entailment
5138,entailment
5139,not_entailment
5140,not_entailment
5141,entailment
5142,entailment
5143,entailment
5144,not_entailment
5145,not_entailment
5146,not_entailment
5147,not_entailment
5148,entailment
5149,not_entailment
5150,not_entailment
5151,entailment
5152,not_entailment
5153,not_entailment
5154,not_entailment
5155,entailment
5156,entailment
5157,entailment
5158,not_entailment
5159,entailment
5160,not_entailment
5161,entailment
5162,entailment
5163,not_entailment
5164,not_entailment
5165,not_entailment
5166,not_entailment
5167,entailment
5168,not_entailment
5169,not_entailment
5170,not_entailment
5171,not_entailment
5172,not_entailment
5173,entailment
5174,entailment
5175,not_entailment
5176,not_entailment
5177,entailment
5178,entailment
5179,not_entailment
5180,not_entailment
5181,entailment
5182,entailment
5183,not_entailment
5184,not_entailment
5185,entailment
5186,not_entailment
5187,not_entailment
5188,entailment
5189,entailment
5190,entailment
5191,not_entailment
5192,not_entailment
5193,not_entailment
5194,not_entailment
5195,not_entailment
5196,entailment
5197,not_entailment
5198,not_entailment
5199,entailment
5200,entailment
5201,entailment
5202,entailment
5203,not_entailment
5204,entailment
5205,not_entailment
5206,entailment
5207,not_entailment
5208,not_entailment
5209,entailment
5210,not_entailment
5211,entailment
5212,not_entailment
5213,entailment
5214,entailment
5215,not_entailment
5216,not_entailment
5217,entailment
5218,not_entailment
5219,entailment
5220,not_entailment
5221,not_entailment
5222,not_entailment
5223,not_entailment
5224,entailment
5225,entailment
5226,not_entailment
5227,not_entailment
5228,entailment
5229,not_entailment
5230,entailment
5231,not_entailment
5232,entailment
5233,not_entailment
5234,entailment
5235,entailment
5236,entailment
5237,not_entailment
5238,not_entailment
5239,entailment
5240,entailment
5241,not_entailment
5242,not_entailment
5243,not_entailment
5244,entailment
5245,entailment
5246,not_entailment
5247,not_entailment
5248,not_entailment
5249,entailment
5250,entailment
5251,entailment
5252,entailment
5253,not_entailment
5254,entailment
5255,not_entailment
5256,entailment
5257,entailment
5258,not_entailment
5259,not_entailment
5260,entailment
5261,entailment
5262,not_entailment
5263,not_entailment
5264,not_entailment
5265,entailment
5266,not_entailment
5267,not_entailment
5268,not_entailment
5269,not_entailment
5270,entailment
5271,entailment
5272,not_entailment
5273,entailment
5274,entailment
5275,entailment
5276,not_entailment
5277,entailment
5278,not_entailment
5279,entailment
5280,entailment
5281,entailment
5282,entailment
5283,not_entailment
5284,entailment
5285,not_entailment
5286,not_entailment
5287,entailment
5288,entailment
5289,not_entailment
5290,not_entailment
5291,entailment
5292,entailment
5293,not_entailment
5294,entailment
5295,not_entailment
5296,not_entailment
5297,entailment
5298,entailment
5299,entailment
5300,entailment
5301,not_entailment
5302,not_entailment
5303,not_entailment
5304,entailment
5305,not_entailment
5306,entailment
5307,not_entailment
5308,not_entailment
5309,entailment
5310,entailment
5311,not_entailment
5312,entailment
5313,not_entailment
5314,not_entailment
5315,not_entailment
5316,entailment
5317,not_entailment
5318,entailment
5319,entailment
5320,not_entailment
5321,not_entailment
5322,not_entailment
5323,entailment
5324,not_entailment
5325,entailment
5326,not_entailment
5327,entailment
5328,entailment
5329,entailment
5330,not_entailment
5331,not_entailment
5332,entailment
5333,not_entailment
5334,entailment
5335,not_entailment
5336,entailment
5337,entailment
5338,entailment
5339,entailment
5340,entailment
5341,not_entailment
5342,not_entailment
5343,entailment
5344,not_entailment
5345,not_entailment
5346,not_entailment
5347,entailment
5348,entailment
5349,entailment
5350,not_entailment
5351,not_entailment
5352,not_entailment
5353,not_entailment
5354,entailment
5355,entailment
5356,entailment
5357,not_entailment
5358,entailment
5359,entailment
5360,entailment
5361,entailment
5362,not_entailment
5363,entailment
5364,entailment
5365,entailment
5366,not_entailment
5367,entailment
5368,entailment
5369,entailment
5370,entailment
5371,entailment
5372,entailment
5373,not_entailment
5374,entailment
5375,not_entailment
5376,entailment
5377,entailment
5378,entailment
5379,entailment
5380,entailment
5381,entailment
5382,not_entailment
5383,not_entailment
5384,not_entailment
5385,not_entailment
5386,entailment
5387,not_entailment
5388,entailment
5389,entailment
5390,entailment
5391,entailment
5392,entailment
5393,entailment
5394,entailment
5395,not_entailment
5396,entailment
5397,entailment
5398,not_entailment
5399,entailment
5400,entailment
5401,entailment
5402,not_entailment
5403,not_entailment
5404,not_entailment
5405,entailment
5406,entailment
5407,not_entailment
5408,not_entailment
5409,not_entailment
5410,not_entailment
5411,not_entailment
5412,not_entailment
5413,entailment
5414,entailment
5415,entailment
5416,not_entailment
5417,entailment
5418,entailment
5419,entailment
5420,not_entailment
5421,not_entailment
5422,entailment
5423,entailment
5424,entailment
5425,not_entailment
5426,not_entailment
5427,not_entailment
5428,not_entailment
5429,not_entailment
5430,entailment
5431,not_entailment
5432,entailment
5433,entailment
5434,not_entailment
5435,not_entailment
5436,not_entailment
5437,entailment
5438,entailment
5439,entailment
5440,entailment
5441,not_entailment
5442,not_entailment
5443,not_entailment
5444,not_entailment
5445,entailment
5446,not_entailment
5447,entailment
5448,entailment
5449,not_entailment
5450,not_entailment
5451,not_entailment
5452,not_entailment
5453,entailment
5454,entailment
5455,not_entailment
5456,entailment
5457,entailment
5458,not_entailment
5459,not_entailment
5460,not_entailment
5461,entailment
5462,entailment
